手袋	テブクロ	テブクロ
を	ヲ	オ
買い	カイ	カイ
に	ニ	ニ
EOS
新美	ニイミ	ニーミ
南吉	ナンキチ	ナンキチ
EOS
寒い	サムイ	サムイ
冬	フユ	フユ
が	ガ	ガ
北方	ホッポウ	ホッポー
から	カラ	カラ
、	、	、
狐	キツネ	キツネ
の	ノ	ノ
親子	オヤコ	オヤコ
の	ノ	ノ
棲ん	スン	スン
で	デ	デ
いる	イル	イル
森	モリ	モリ
へ	ヘ	エ
も	モ	モ
やっ	ヤッ	ヤッ
て	テ	テ
来	キ	キ
まし	マシ	マシ
た	タ	タ
。	。	。
EOS
或	アル	アル
朝	アサ	アサ
洞穴	ホラアナ	ホラアナ
から	カラ	カラ
子供	コドモ	コドモ
の	ノ	ノ
狐	キツネ	キツネ
が	ガ	ガ
出よう	デヨウ	デヨー
と	ト	ト
し	シ	シ
まし	マシ	マシ
た	タ	タ
が	ガ	ガ
、	、	、
EOS
「	「	「
あっ	アッ	アッ
」	」	」
と	ト	ト
叫ん	サケン	サケン
で	デ	デ
眼	メ	メ
を	ヲ	オ
抑え	オサエ	オサエ
ながら	ナガラ	ナガラ
母	カア	カー
さん	サン	サン
狐	ギツネ	ギツネ
の	ノ	ノ
ところ	トコロ	トコロ
へ	ヘ	エ
ころげ	コロゲ	コロゲ
て	テ	テ
来	キ	キ
まし	マシ	マシ
た	タ	タ
。	。	。
EOS
「	「	「
母	カア	カー
ちゃん	チャン	チャン
、	、	、
眼	メ	メ
に	ニ	ニ
何	ナニ	ナニ
か	カ	カ
刺さっ	ササッ	ササッ
た	タ	タ
、	、	、
ぬい	ヌイ	ヌイ
て	テ	テ
頂戴	チョウダイ	チョーダイ
早く	ハヤク	ハヤク
早く	ハヤク	ハヤク
」	」	」
と	ト	ト
言い	イイ	イー
まし	マシ	マシ
た	タ	タ
。	。	。
EOS
母	カア	カー
さん	サン	サン
狐	ギツネ	ギツネ
が	ガ	ガ
びっくり	ビックリ	ビックリ
し	シ	シ
て	テ	テ
、	、	、
あわてふためき	アワテフタメキ	アワテフタメキ
ながら	ナガラ	ナガラ
、	、	、
眼	メ	メ
を	ヲ	オ
抑え	オサエ	オサエ
て	テ	テ
いる	イル	イル
子供	コドモ	コドモ
の	ノ	ノ
手	テ	テ
を	ヲ	オ
恐る恐る	オソルオソル	オソルオソル
とりのけ	トリノケ	トリノケ
て	テ	テ
見	ミ	ミ
まし	マシ	マシ
た	タ	タ
が	ガ	ガ
、	、	、
何	ナニ	ナニ
も	モ	モ
刺さっ	ササッ	ササッ
て	テ	テ
は	ハ	ワ
い	イ	イ
ませ	マセ	マセ
ん	ン	ン
でし	デシ	デシ
た	タ	タ
。	。	。
EOS
母	カア	カー
さん	サン	サン
狐	ギツネ	ギツネ
は	ハ	ワ
洞穴	ホラアナ	ホラアナ
の	ノ	ノ
入口	イリグチ	イリグチ
から	カラ	カラ
外	ソト	ソト
へ	ヘ	エ
出	デ	デ
て	テ	テ
始め	ハジメ	ハジメ
て	テ	テ
わけ	ワケ	ワケ
が	ガ	ガ
解り	ワカリ	ワカリ
まし	マシ	マシ
た	タ	タ
。	。	。
EOS
昨夜	サクヤ	サクヤ
の	ノ	ノ
うち	ウチ	ウチ
に	ニ	ニ
、	、	、
真白	マッシロ	マッシロ
な	ナ	ナ
雪	ユキ	ユキ
が	ガ	ガ
どっさり	ドッサリ	ドッサリ
降っ	フッ	フッ
た	タ	タ
の	ノ	ノ
です	デス	デス
。	。	。
EOS
その	ソノ	ソノ
雪	ユキ	ユキ
の	ノ	ノ
上	ウエ	ウエ
から	カラ	カラ
お	オ	オ
陽	ヒ	ヒ
さま	サマ	サマ
が	ガ	ガ
キラキラ	キラキラ	キラキラ
と	ト	ト
照し	テラシ	テラシ
て	テ	テ
い	イ	イ
た	タ	タ
の	ノ	ノ
で	デ	デ
、	、	、
雪	ユキ	ユキ
は	ハ	ワ
眩しい	マブシイ	マブシー
ほど	ホド	ホド
反射	ハンシャ	ハンシャ
し	シ	シ
て	テ	テ
い	イ	イ
た	タ	タ
の	ノ	ノ
です	デス	デス
。	。	。
EOS
雪	ユキ	ユキ
を	ヲ	オ
知ら	シラ	シラ
なかっ	ナカッ	ナカッ
た	タ	タ
子供	コドモ	コドモ
の	ノ	ノ
狐	キツネ	キツネ
は	ハ	ワ
、	、	、
あまり	アマリ	アマリ
強い	ツヨイ	ツヨイ
反射	ハンシャ	ハンシャ
を	ヲ	オ
うけ	ウケ	ウケ
た	タ	タ
の	ノ	ノ
で	デ	デ
、	、	、
眼	メ	メ
に	ニ	ニ
何	ナニ	ナニ
か	カ	カ
刺さっ	ササッ	ササッ
た	タ	タ
と	ト	ト
思っ	オモッ	オモッ
た	タ	タ
の	ノ	ノ
でし	デシ	デシ
た	タ	タ
。	。	。
EOS
子供	コドモ	コドモ
の	ノ	ノ
狐	キツネ	キツネ
は	ハ	ワ
遊び	アソビ	アソビ
に	ニ	ニ
行き	イキ	イキ
まし	マシ	マシ
た	タ	タ
。	。	。
EOS
真綿	マワタ	マワタ
の	ノ	ノ
よう	ヨウ	ヨー
に	ニ	ニ
柔かい	ヤワラカイ	ヤワラカイ
雪	ユキ	ユキ
の	ノ	ノ
上	ウエ	ウエ
を	ヲ	オ
駈け	カケ	カケ
廻る	マワル	マワル
と	ト	ト
、	、	、
雪	ユキ	ユキ
の	ノ	ノ
粉	コナ	コナ
が	ガ	ガ
、	、	、
しぶき	シブキ	シブキ
の	ノ	ノ
よう	ヨウ	ヨー
に	ニ	ニ
飛び散っ	トビチッ	トビチッ
て	テ	テ
小さい	チイサイ	チーサイ
虹	ニジ	ニジ
が	ガ	ガ
すっ	スッ	スッ
と	ト	ト
映る	ウツル	ウツル
の	ノ	ノ
でし	デシ	デシ
た	タ	タ
。	。	。
EOS
する	スル	スル
と	ト	ト
突然	トツゼン	トツゼン
、	、	、
うしろ	ウシロ	ウシロ
で	デ	デ
、	、	、
EOS
「	「	「
どたどた	ドタドタ	ドタドタ
、	、	、
ざーっ	ザアッ	ザーッ
」	」	」
と	ト	ト
物凄い	モノスゴイ	モノスゴイ
音	オト	オト
が	ガ	ガ
し	シ	シ
て	テ	テ
、	、	、
パン	パン	パン
粉	コ	コ
の	ノ	ノ
よう	ヨウ	ヨー
な	ナ	ナ
粉雪	コナユキ	コナユキ
が	ガ	ガ
、	、	、
ふわーっ	フワーッ	フワーッ
と	ト	ト
子狐	コギツネ	コギツネ
に	ニ	ニ
おっかぶさっ	オッカブサッ	オッカブサッ
て	テ	テ
来	キ	キ
まし	マシ	マシ
た	タ	タ
。	。	。
EOS
子狐	コギツネ	コギツネ
は	ハ	ワ
びっくり	ビックリ	ビックリ
し	シ	シ
て	テ	テ
、	、	、
雪	ユキ	ユキ
の	ノ	ノ
中	ナカ	ナカ
に	ニ	ニ
ころがる	コロガル	コロガル
よう	ヨウ	ヨー
に	ニ	ニ
し	シ	シ
て	テ	テ
十	ジュウ	ジュー
米	メートル	メートル
も	モ	モ
向こう	ムコウ	ムコー
へ	ヘ	エ
逃げ	ニゲ	ニゲ
まし	マシ	マシ
た	タ	タ
。	。	。
EOS
何	ナン	ナン
だろう	ダロウ	ダロー
と	ト	ト
思っ	オモッ	オモッ
て	テ	テ
ふり返っ	フリカエッ	フリカエッ
て	テ	テ
見	ミ	ミ
まし	マシ	マシ
た	タ	タ
が	ガ	ガ
何	ナニ	ナニ
も	モ	モ
い	イ	イ
ませ	マセ	マセ
ん	ン	ン
でし	デシ	デシ
た	タ	タ
。	。	。
EOS
それ	ソレ	ソレ
は	ハ	ワ
樅	モミ	モミ
の	ノ	ノ
枝	エダ	エダ
から	カラ	カラ
雪	ユキ	ユキ
が	ガ	ガ
なだれ落ち	ナダレオチ	ナダレオチ
た	タ	タ
の	ノ	ノ
でし	デシ	デシ
た	タ	タ
。	。	。
EOS
まだ	マダ	マダ
枝	エダ	エダ
と	ト	ト
枝	エダ	エダ
の	ノ	ノ
間	アイダ	アイダ
から	カラ	カラ
白い	シロイ	シロイ
絹糸	キヌイト	キヌイト
の	ノ	ノ
よう	ヨウ	ヨー
に	ニ	ニ
雪	ユキ	ユキ
が	ガ	ガ
こぼれ	コボレ	コボレ
て	テ	テ
い	イ	イ
まし	マシ	マシ
た	タ	タ
。	。	。
EOS
間	マ	マ
も	モ	モ
なく	ナク	ナク
洞穴	ホラアナ	ホラアナ
へ	ヘ	エ
帰っ	カエッ	カエッ
て	テ	テ
来	キ	キ
た	タ	タ
子狐	コギツネ	コギツネ
は	ハ	ワ
、	、	、
EOS
「	「	「
お	オ	オ
母	カア	カー
ちゃん	チャン	チャン
、	、	、
お	オ	オ
手々	テテ	テテ
が	ガ	ガ
冷たい	ツメタイ	ツメタイ
、	、	、
お	オ	オ
手々	テテ	テテ
が	ガ	ガ
ちんちん	チンチン	チンチン
する	スル	スル
」	」	」
と	ト	ト
言っ	イッ	イッ
て	テ	テ
、	、	、
濡れ	ヌレ	ヌレ
て	テ	テ
牡丹	ボタン	ボタン
色	イロ	イロ
に	ニ	ニ
なっ	ナッ	ナッ
た	タ	タ
両手	リョウテ	リョーテ
を	ヲ	オ
母	カア	カー
さん	サン	サン
狐	ギツネ	ギツネ
の	ノ	ノ
前	マエ	マエ
に	ニ	ニ
さしだし	サシダシ	サシダシ
まし	マシ	マシ
た	タ	タ
。	。	。
EOS
母	カア	カー
さん	サン	サン
狐	ギツネ	ギツネ
は	ハ	ワ
、	、	、
その	ソノ	ソノ
手	テ	テ
に	ニ	ニ
、	、	、
はーー	ハーー	ハー
っと	ット	ット
息	イキ	イキ
を	ヲ	オ
ふっかけ	フッカケ	フッカケ
て	テ	テ
、	、	、
ぬくとい	ヌクトイ	ヌクトイ
母	カア	カー
さん	サン	サン
の	ノ	ノ
手	テ	テ
で	デ	デ
やんわり	ヤンワリ	ヤンワリ
包ん	ツツン	ツツン
で	デ	デ
やり	ヤリ	ヤリ
ながら	ナガラ	ナガラ
、	、	、
EOS
「	「	「
もう	モウ	モー
すぐ	スグ	スグ
暖く	アタタカク	アタタカク
なる	ナル	ナル
よ	ヨ	ヨ
、	、	、
雪	ユキ	ユキ
を	ヲ	オ
さわる	サワル	サワル
と	ト	ト
、	、	、
すぐ	スグ	スグ
暖く	アタタカク	アタタカク
なる	ナル	ナル
もん	モン	モン
だ	ダ	ダ
よ	ヨ	ヨ
」	」	」
と	ト	ト
いい	イイ	イー
まし	マシ	マシ
た	タ	タ
が	ガ	ガ
、	、	、
かあ	カア	カー
いい	イイ	イー
坊や	ボウヤ	ボーヤ
の	ノ	ノ
手	テ	テ
に	ニ	ニ
霜焼	シモヤケ	シモヤケ
が	ガ	ガ
でき	デキ	デキ
て	テ	テ
は	ハ	ワ
かわいそう	カワイソウ	カワイソー
だ	ダ	ダ
から	カラ	カラ
、	、	、
夜	ヨル	ヨル
に	ニ	ニ
なっ	ナッ	ナッ
たら	タラ	タラ
、	、	、
町	マチ	マチ
まで	マデ	マデ
行っ	イッ	イッ
て	テ	テ
、	、	、
坊や	ボウヤ	ボーヤ
の	ノ	ノ
お	オ	オ
手々	テテ	テテ
に	ニ	ニ
あう	アウ	アウ
よう	ヨウ	ヨー
な	ナ	ナ
毛糸	ケイト	ケイト
の	ノ	ノ
手袋	テブクロ	テブクロ
を	ヲ	オ
買っ	カッ	カッ
て	テ	テ
やろう	ヤロウ	ヤロー
と	ト	ト
思い	オモイ	オモイ
まし	マシ	マシ
た	タ	タ
。	。	。
EOS
暗い	クライ	クライ
暗い	クライ	クライ
夜	ヨル	ヨル
が	ガ	ガ
風呂敷	フロシキ	フロシキ
の	ノ	ノ
よう	ヨウ	ヨー
な	ナ	ナ
影	カゲ	カゲ
を	ヲ	オ
ひろげ	ヒロゲ	ヒロゲ
て	テ	テ
野原	ノハラ	ノハラ
や	ヤ	ヤ
森	モリ	モリ
を	ヲ	オ
包み	ツツミ	ツツミ
に	ニ	ニ
やっ	ヤッ	ヤッ
て	テ	テ
来	キ	キ
まし	マシ	マシ
た	タ	タ
が	ガ	ガ
、	、	、
雪	ユキ	ユキ
は	ハ	ワ
あまり	アマリ	アマリ
白い	シロイ	シロイ
の	ノ	ノ
で	デ	デ
、	、	、
包ん	ツツン	ツツン
で	デ	デ
も	モ	モ
包ん	ツツン	ツツン
で	デ	デ
も	モ	モ
白く	シロク	シロク
浮びあがっ	ウカビアガッ	ウカビアガッ
て	テ	テ
い	イ	イ
まし	マシ	マシ
た	タ	タ
。	。	。
EOS
親子	オヤコ	オヤコ
の	ノ	ノ
銀狐	ギンギツネ	ギンギツネ
は	ハ	ワ
洞穴	ホラアナ	ホラアナ
から	カラ	カラ
出	デ	デ
まし	マシ	マシ
た	タ	タ
。	。	。
EOS
子供	コドモ	コドモ
の	ノ	ノ
方	ホウ	ホー
は	ハ	ワ
お	オ	オ
母	カア	カー
さん	サン	サン
の	ノ	ノ
お腹	オナカ	オナカ
の	ノ	ノ
下	シタ	シタ
へ	ヘ	エ
はいりこん	ハイリコン	ハイリコン
で	デ	デ
、	、	、
そこ	ソコ	ソコ
から	カラ	カラ
まんまる	マンマル	マンマル
な	ナ	ナ
眼	メ	メ
を	ヲ	オ
ぱちぱち	パチパチ	パチパチ
さ	サ	サ
せ	セ	セ
ながら	ナガラ	ナガラ
、	、	、
あっち	アッチ	アッチ
や	ヤ	ヤ
こっち	コッチ	コッチ
を	ヲ	オ
見	ミ	ミ
ながら	ナガラ	ナガラ
歩い	アルイ	アルイ
て	テ	テ
行き	イキ	イキ
まし	マシ	マシ
た	タ	タ
。	。	。
EOS
やが	ヤガ	ヤガ
て	テ	テ
、	、	、
行手	ユクテ	ユクテ
に	ニ	ニ
ぽっつり	ポッツリ	ポッツリ
あかり	アカリ	アカリ
が	ガ	ガ
一	ヒト	ヒト
つ	ツ	ツ
見え	ミエ	ミエ
始め	ハジメ	ハジメ
まし	マシ	マシ
た	タ	タ
。	。	。
EOS
それ	ソレ	ソレ
を	ヲ	オ
子供	コドモ	コドモ
の	ノ	ノ
狐	キツネ	キツネ
が	ガ	ガ
見つけ	ミツケ	ミツケ
て	テ	テ
、	、	、
EOS
「	「	「
母	カア	カー
ちゃん	チャン	チャン
、	、	、
お	オ	オ
星	ホシ	ホシ
さま	サマ	サマ
は	ハ	ワ
、	、	、
あんな	アンナ	アンナ
低い	ヒクイ	ヒクイ
ところ	トコロ	トコロ
に	ニ	ニ
も	モ	モ
落ち	オチ	オチ
てる	テル	テル
の	ノ	ノ
ねえ	ネエ	ネー
」	」	」
と	ト	ト
きき	キキ	キキ
まし	マシ	マシ
た	タ	タ
。	。	。
EOS
「	「	「
あれ	アレ	アレ
は	ハ	ワ
お	オ	オ
星	ホシ	ホシ
さま	サマ	サマ
じゃ	ジャ	ジャ
ない	ナイ	ナイ
の	ノ	ノ
よ	ヨ	ヨ
」	」	」
と	ト	ト
言っ	イッ	イッ
て	テ	テ
、	、	、
その	ソノ	ソノ
時	トキ	トキ
母	カア	カー
さん	サン	サン
狐	ギツネ	ギツネ
の	ノ	ノ
足	アシ	アシ
は	ハ	ワ
すくん	スクン	スクン
で	デ	デ
しまい	シマイ	シマイ
まし	マシ	マシ
た	タ	タ
。	。	。
EOS
「	「	「
あれ	アレ	アレ
は	ハ	ワ
町	マチ	マチ
の	ノ	ノ
灯	ヒ	ヒ
な	ナ	ナ
ん	ン	ン
だ	ダ	ダ
よ	ヨ	ヨ
」	」	」
EOS
その	ソノ	ソノ
町	マチ	マチ
の	ノ	ノ
灯	ヒ	ヒ
を	ヲ	オ
見	ミ	ミ
た	タ	タ
時	トキ	トキ
、	、	、
母	カア	カー
さん	サン	サン
狐	ギツネ	ギツネ
は	ハ	ワ
、	、	、
ある	アル	アル
時	トキ	トキ
町	マチ	マチ
へ	ヘ	エ
お	オ	オ
友達	トモダチ	トモダチ
と	ト	ト
出かけ	デカケ	デカケ
て	テ	テ
行っ	イッ	イッ
て	テ	テ
、	、	、
と	ト	ト
ん	ン	ン
だめ	ダメ	ダメ
に	ニ	ニ
あっ	アッ	アッ
た	タ	タ
こと	コト	コト
を	ヲ	オ
思出し	オモイダシ	オモイダシ
まし	マシ	マシ
た	タ	タ
。	。	。
EOS
お	オ	オ
よし	ヨシ	ヨシ
なさい	ナサイ	ナサイ
って	ッテ	ッテ
いう	ユウ	ユー
の	ノ	ノ
も	モ	モ
きか	キカ	キカ
ない	ナイ	ナイ
で	デ	デ
、	、	、
お	オ	オ
友達	トモダチ	トモダチ
の	ノ	ノ
狐	キツネ	キツネ
が	ガ	ガ
、	、	、
或る	アル	アル
家	イエ	イエ
の	ノ	ノ
家鴨	アヒル	アヒル
を	ヲ	オ
盗もう	ヌスモウ	ヌスモー
と	ト	ト
し	シ	シ
た	タ	タ
の	ノ	ノ
で	デ	デ
、	、	、
お	オ	オ
百姓	ヒャクショウ	ヒャクショー
に	ニ	ニ
見つかっ	ミツカッ	ミツカッ
て	テ	テ
、	、	、
さんざ	サンザ	サンザ
追い	オイ	オイ
まくら	マクラ	マクラ
れ	レ	レ
て	テ	テ
、	、	、
命	イノチ	イノチ
からがら	カラガラ	カラガラ
逃げ	ニゲ	ニゲ
た	タ	タ
こと	コト	コト
でし	デシ	デシ
た	タ	タ
。	。	。
EOS
「	「	「
母	カア	カー
ちゃん	チャン	チャン
何	ナニ	ナニ
し	シ	シ
てん	テン	テン
の	ノ	ノ
、	、	、
早く	ハヤク	ハヤク
行こう	イコウ	イコー
よ	ヨ	ヨ
」	」	」
と	ト	ト
子供	コドモ	コドモ
の	ノ	ノ
狐	キツネ	キツネ
が	ガ	ガ
お腹	オナカ	オナカ
の	ノ	ノ
下	シタ	シタ
から	カラ	カラ
言う	イウ	イウ
の	ノ	ノ
でし	デシ	デシ
た	タ	タ
が	ガ	ガ
、	、	、
母	カア	カー
さん	サン	サン
狐	ギツネ	ギツネ
は	ハ	ワ
どう	ドウ	ドー
し	シ	シ
て	テ	テ
も	モ	モ
足	アシ	アシ
が	ガ	ガ
すすま	ススマ	ススマ
ない	ナイ	ナイ
の	ノ	ノ
でし	デシ	デシ
た	タ	タ
。	。	。
EOS
そこ	ソコ	ソコ
で	デ	デ
、	、	、
しかた	シカタ	シカタ
が	ガ	ガ
ない	ナイ	ナイ
の	ノ	ノ
で	デ	デ
、	、	、
坊や	ボウヤ	ボーヤ
だけ	ダケ	ダケ
を	ヲ	オ
一人	ヒトリ	ヒトリ
で	デ	デ
町	マチ	マチ
まで	マデ	マデ
行か	イカ	イカ
せる	セル	セル
こと	コト	コト
に	ニ	ニ
なり	ナリ	ナリ
まし	マシ	マシ
た	タ	タ
。	。	。
EOS
「	「	「
坊	ボウ	ボー
や	ヤ	ヤ
お	オ	オ
手々	テテ	テテ
を	ヲ	オ
片方	カタホウ	カタホー
お	オ	オ
出し	ダシ	ダシ
」	」	」
と	ト	ト
お	オ	オ
母	カア	カー
さん	サン	サン
狐	ギツネ	ギツネ
が	ガ	ガ
いい	イイ	イー
まし	マシ	マシ
た	タ	タ
。	。	。
EOS
その	ソノ	ソノ
手	テ	テ
を	ヲ	オ
、	、	、
母	カア	カー
さん	サン	サン
狐	ギツネ	ギツネ
は	ハ	ワ
しばらく	シバラク	シバラク
握っ	ニギッ	ニギッ
て	テ	テ
いる	イル	イル
間	アイダ	アイダ
に	ニ	ニ
、	、	、
可愛いい	カワイイ	カワイー
人間	ニンゲン	ニンゲン
の	ノ	ノ
子供	コドモ	コドモ
の	ノ	ノ
手	テ	テ
に	ニ	ニ
し	シ	シ
て	テ	テ
しまい	シマイ	シマイ
まし	マシ	マシ
た	タ	タ
。	。	。
EOS
坊や	ボウヤ	ボーヤ
の	ノ	ノ
狐	キツネ	キツネ
は	ハ	ワ
その	ソノ	ソノ
手	テ	テ
を	ヲ	オ
ひろげ	ヒロゲ	ヒロゲ
たり	タリ	タリ
握っ	ニギッ	ニギッ
たり	タリ	タリ
、	、	、
抓っ	ツネッ	ツネッ
て	テ	テ
見	ミ	ミ
たり	タリ	タリ
、	、	、
嗅い	カイ	カイ
で	デ	デ
見	ミ	ミ
たり	タリ	タリ
し	シ	シ
まし	マシ	マシ
た	タ	タ
。	。	。
EOS
「	「	「
何	ナン	ナン
だ	ダ	ダ
か	カ	カ
変	ヘン	ヘン
だ	ダ	ダ
な	ナ	ナ
母	カア	カー
ちゃん	チャン	チャン
、	、	、
これ	コレ	コレ
なあに	ナアニ	ナーニ
？	？	？
EOS
」	」	」
と	ト	ト
言っ	イッ	イッ
て	テ	テ
、	、	、
雪あかり	ユキアカリ	ユキアカリ
に	ニ	ニ
、	、	、
また	マタ	マタ
その	ソノ	ソノ
、	、	、
人間	ニンゲン	ニンゲン
の	ノ	ノ
手	テ	テ
に	ニ	ニ
変え	カエ	カエ
られ	ラレ	ラレ
て	テ	テ
しまっ	シマッ	シマッ
た	タ	タ
自分	ジブン	ジブン
の	ノ	ノ
手	テ	テ
を	ヲ	オ
しげしげ	シゲシゲ	シゲシゲ
と	ト	ト
見つめ	ミツメ	ミツメ
まし	マシ	マシ
た	タ	タ
。	。	。
EOS
「	「	「
それ	ソレ	ソレ
は	ハ	ワ
人間	ニンゲン	ニンゲン
の	ノ	ノ
手	テ	テ
よ	ヨ	ヨ
。	。	。
EOS
いい	イイ	イー
か	カ	カ
い	イ	イ
坊や	ボウヤ	ボーヤ
、	、	、
町	マチ	マチ
へ	ヘ	エ
行っ	イッ	イッ
たら	タラ	タラ
ね	ネ	ネ
、	、	、
たくさん	タクサン	タクサン
人間	ニンゲン	ニンゲン
の	ノ	ノ
家	イエ	イエ
が	ガ	ガ
ある	アル	アル
から	カラ	カラ
ね	ネ	ネ
、	、	、
まず	マズ	マズ
表	オモテ	オモテ
に	ニ	ニ
円い	マルイ	マルイ
シャッポ	シャッポ	シャッポ
の	ノ	ノ
看板	カンバン	カンバン
の	ノ	ノ
かかっ	カカッ	カカッ
て	テ	テ
いる	イル	イル
家	イエ	イエ
を	ヲ	オ
探す	サガス	サガス
ん	ン	ン
だ	ダ	ダ
よ	ヨ	ヨ
。	。	。
EOS
それ	ソレ	ソレ
が	ガ	ガ
見つかっ	ミツカッ	ミツカッ
たら	タラ	タラ
ね	ネ	ネ
、	、	、
トントン	トントン	トントン
と	ト	ト
戸	ト	ト
を	ヲ	オ
叩い	タタイ	タタイ
て	テ	テ
、	、	、
今晩は	コンバンハ	コンバンワ
って	ッテ	ッテ
言う	ユウ	ユー
ん	ン	ン
だ	ダ	ダ
よ	ヨ	ヨ
。	。	。
EOS
そう	ソウ	ソー
する	スル	スル
と	ト	ト
ね	ネ	ネ
、	、	、
中	ナカ	ナカ
から	カラ	カラ
人間	ニンゲン	ニンゲン
が	ガ	ガ
、	、	、
すこうし	スコーシ	スコーシ
戸	ト	ト
を	ヲ	オ
あける	アケル	アケル
から	カラ	カラ
ね	ネ	ネ
、	、	、
その	ソノ	ソノ
戸	ト	ト
の	ノ	ノ
隙間	スキマ	スキマ
から	カラ	カラ
、	、	、
こっち	コッチ	コッチ
の	ノ	ノ
手	テ	テ
、	、	、
ほら	ホラ	ホラ
この	コノ	コノ
人間	ニンゲン	ニンゲン
の	ノ	ノ
手	テ	テ
を	ヲ	オ
さし入れ	サシイレ	サシイレ
て	テ	テ
ね	ネ	ネ
、	、	、
この	コノ	コノ
手	テ	テ
に	ニ	ニ
ちょうど	チョウド	チョード
いい	イイ	イー
手袋	テブクロ	テブクロ
頂戴	チョウダイ	チョーダイ
って	ッテ	ッテ
言う	ユウ	ユー
ん	ン	ン
だ	ダ	ダ
よ	ヨ	ヨ
、	、	、
わかっ	ワカッ	ワカッ
た	タ	タ
ね	ネ	ネ
、	、	、
決して	ケッシテ	ケッシテ
、	、	、
こっち	コッチ	コッチ
の	ノ	ノ
お	オ	オ
手々	テテ	テテ
を	ヲ	オ
出し	ダシ	ダシ
ちゃ	チャ	チャ
駄目	ダメ	ダメ
よ	ヨ	ヨ
」	」	」
と	ト	ト
母	カア	カー
さん	サン	サン
狐	ギツネ	ギツネ
は	ハ	ワ
言いきかせ	イイキカセ	イーキカセ
まし	マシ	マシ
た	タ	タ
。	。	。
EOS
「	「	「
どう	ドウ	ドー
し	シ	シ
て	テ	テ
？	？	？
EOS
」	」	」
と	ト	ト
坊や	ボウヤ	ボーヤ
の	ノ	ノ
狐	キツネ	キツネ
は	ハ	ワ
ききかえし	キキカエシ	キキカエシ
まし	マシ	マシ
た	タ	タ
。	。	。
EOS
「	「	「
人間	ニンゲン	ニンゲン
は	ハ	ワ
ね	ネ	ネ
、	、	、
相手	アイテ	アイテ
が	ガ	ガ
狐	キツネ	キツネ
だ	ダ	ダ
と	ト	ト
解る	ワカル	ワカル
と	ト	ト
、	、	、
手袋	テブクロ	テブクロ
を	ヲ	オ
売っ	ウッ	ウッ
て	テ	テ
くれ	クレ	クレ
ない	ナイ	ナイ
ん	ン	ン
だ	ダ	ダ
よ	ヨ	ヨ
、	、	、
それ	ソレ	ソレ
どころ	ドコロ	ドコロ
か	カ	カ
、	、	、
掴まえ	ツカマエ	ツカマエ
て	テ	テ
檻	オリ	オリ
の	ノ	ノ
中	ナカ	ナカ
へ	ヘ	エ
入れ	イレ	イレ
ちゃう	チャウ	チャウ
ん	ン	ン
だ	ダ	ダ
よ	ヨ	ヨ
、	、	、
人間	ニンゲン	ニンゲン
って	ッテ	ッテ
ほんと	ホント	ホント
に	ニ	ニ
恐い	コワイ	コワイ
もの	モノ	モノ
な	ナ	ナ
ん	ン	ン
だ	ダ	ダ
よ	ヨ	ヨ
」	」	」
EOS
「	「	「
ふーん	フウン	フーン
」	」	」
EOS
「	「	「
決して	ケッシテ	ケッシテ
、	、	、
こっち	コッチ	コッチ
の	ノ	ノ
手	テ	テ
を	ヲ	オ
出し	ダシ	ダシ
ちゃ	チャ	チャ
いけ	イケ	イケ
ない	ナイ	ナイ
よ	ヨ	ヨ
、	、	、
こっち	コッチ	コッチ
の	ノ	ノ
方	ホウ	ホー
、	、	、
ほら	ホラ	ホラ
人間	ニンゲン	ニンゲン
の	ノ	ノ
手	テ	テ
の	ノ	ノ
方	ホウ	ホー
を	ヲ	オ
さしだす	サシダス	サシダス
ん	ン	ン
だ	ダ	ダ
よ	ヨ	ヨ
」	」	」
と	ト	ト
言っ	イッ	イッ
て	テ	テ
、	、	、
母	カア	カー
さん	サン	サン
の	ノ	ノ
狐	キツネ	キツネ
は	ハ	ワ
、	、	、
持っ	モッ	モッ
て	テ	テ
来	キ	キ
た	タ	タ
二	フタ	フタ
つ	ツ	ツ
の	ノ	ノ
白	ハク	ハク
銅貨	ドウカ	ドーカ
を	ヲ	オ
、	、	、
人間	ニンゲン	ニンゲン
の	ノ	ノ
手	テ	テ
の	ノ	ノ
方	ホウ	ホー
へ	ヘ	エ
握ら	ニギラ	ニギラ
せ	セ	セ
て	テ	テ
やり	ヤリ	ヤリ
まし	マシ	マシ
た	タ	タ
。	。	。
EOS
子供	コドモ	コドモ
の	ノ	ノ
狐	キツネ	キツネ
は	ハ	ワ
、	、	、
町	マチ	マチ
の	ノ	ノ
灯	ヒ	ヒ
を	ヲ	オ
目あて	メアテ	メアテ
に	ニ	ニ
、	、	、
雪あかり	ユキアカリ	ユキアカリ
の	ノ	ノ
野原	ノハラ	ノハラ
を	ヲ	オ
よちよち	ヨチヨチ	ヨチヨチ
やっ	ヤッ	ヤッ
て	テ	テ
行き	イキ	イキ
まし	マシ	マシ
た	タ	タ
。	。	。
EOS
始め	ハジメ	ハジメ
の	ノ	ノ
うち	ウチ	ウチ
は	ハ	ワ
一	ヒト	ヒト
つ	ツ	ツ
きり	キリ	キリ
だっ	ダッ	ダッ
た	タ	タ
灯	ヒ	ヒ
が	ガ	ガ
二	フタ	フタ
つ	ツ	ツ
に	ニ	ニ
なり	ナリ	ナリ
三	ミッ	ミッ
つ	ツ	ツ
に	ニ	ニ
なり	ナリ	ナリ
、	、	、
は	ハ	ハ
て	テ	テ
は	ハ	ワ
十	トオ	トー
に	ニ	ニ
も	モ	モ
ふえ	フエ	フエ
まし	マシ	マシ
た	タ	タ
。	。	。
EOS
狐	キツネ	キツネ
の	ノ	ノ
子供	コドモ	コドモ
は	ハ	ワ
それ	ソレ	ソレ
を	ヲ	オ
見	ミ	ミ
て	テ	テ
、	、	、
灯	ヒ	ヒ
に	ニ	ニ
は	ハ	ワ
、	、	、
星	ホシ	ホシ
と	ト	ト
同じ	オナジ	オナジ
よう	ヨウ	ヨー
に	ニ	ニ
、	、	、
赤い	アカイ	アカイ
の	ノ	ノ
や	ヤ	ヤ
黄	キ	キ
い	イ	イ
の	ノ	ノ
や	ヤ	ヤ
青い	アオイ	アオイ
の	ノ	ノ
が	ガ	ガ
ある	アル	アル
ん	ン	ン
だ	ダ	ダ
な	ナ	ナ
と	ト	ト
思い	オモイ	オモイ
まし	マシ	マシ
た	タ	タ
。	。	。
EOS
やがて	ヤガテ	ヤガテ
町	マチ	マチ
に	ニ	ニ
はいり	ハイリ	ハイリ
まし	マシ	マシ
た	タ	タ
が	ガ	ガ
通り	トオリ	トーリ
の	ノ	ノ
家々	イエイエ	イエイエ
は	ハ	ワ
もう	モウ	モー
みんな	ミンナ	ミンナ
戸	ト	ト
を	ヲ	オ
閉め	シメ	シメ
て	テ	テ
しまっ	シマッ	シマッ
て	テ	テ
、	、	、
高い	タカイ	タカイ
窓	マド	マド
から	カラ	カラ
暖か	アタタカ	アタタカ
そう	ソウ	ソー
な	ナ	ナ
光	ヒカリ	ヒカリ
が	ガ	ガ
、	、	、
道	ミチ	ミチ
の	ノ	ノ
雪	ユキ	ユキ
の	ノ	ノ
上	ウエ	ウエ
に	ニ	ニ
落ち	オチ	オチ
て	テ	テ
いる	イル	イル
ばかり	バカリ	バカリ
でし	デシ	デシ
た	タ	タ
。	。	。
EOS
けれど	ケレド	ケレド
表	オモテ	オモテ
の	ノ	ノ
看板	カンバン	カンバン
の	ノ	ノ
上	ウエ	ウエ
に	ニ	ニ
は	ハ	ワ
大てい	タイテイ	タイテー
小さな	チイサナ	チーサナ
電燈	デントウ	デントー
が	ガ	ガ
ともっ	トモッ	トモッ
て	テ	テ
い	イ	イ
まし	マシ	マシ
た	タ	タ
の	ノ	ノ
で	デ	デ
、	、	、
狐	キツネ	キツネ
の	ノ	ノ
子	コ	コ
は	ハ	ワ
、	、	、
それ	ソレ	ソレ
を	ヲ	オ
見	ミ	ミ
ながら	ナガラ	ナガラ
、	、	、
帽子	ボウシ	ボーシ
屋	ヤ	ヤ
を	ヲ	オ
探し	サガシ	サガシ
て	テ	テ
行き	イキ	イキ
まし	マシ	マシ
た	タ	タ
。	。	。
EOS
自転	ジテン	ジテン
車	シャ	シャ
の	ノ	ノ
看板	カンバン	カンバン
や	ヤ	ヤ
、	、	、
眼鏡	メガネ	メガネ
の	ノ	ノ
看板	カンバン	カンバン
や	ヤ	ヤ
その	ソノ	ソノ
他	ホカ	ホカ
いろんな	イロンナ	イロンナ
看板	カンバン	カンバン
が	ガ	ガ
、	、	、
ある	アル	アル
もの	モノ	モノ
は	ハ	ワ
、	、	、
新しい	アタラシイ	アタラシー
ペンキ	ペンキ	ペンキ
で	デ	デ
画か	エガカ	エガカ
れ	レ	レ
、	、	、
或る	アル	アル
もの	モノ	モノ
は	ハ	ワ
、	、	、
古い	フルイ	フルイ
壁	カベ	カベ
の	ノ	ノ
よう	ヨウ	ヨー
に	ニ	ニ
はげ	ハゲ	ハゲ
て	テ	テ
い	イ	イ
まし	マシ	マシ
た	タ	タ
が	ガ	ガ
、	、	、
町	マチ	マチ
に	ニ	ニ
始め	ハジメ	ハジメ
て	テ	テ
出	デ	デ
て	テ	テ
来	キ	キ
た	タ	タ
子狐	コギツネ	コギツネ
に	ニ	ニ
は	ハ	ワ
それ	ソレ	ソレ
ら	ラ	ラ
の	ノ	ノ
もの	モノ	モノ
が	ガ	ガ
いったい	イッタイ	イッタイ
何	ナニ	ナニ
で	デ	デ
ある	アル	アル
か	カ	カ
分ら	ワカラ	ワカラ
ない	ナイ	ナイ
の	ノ	ノ
でし	デシ	デシ
た	タ	タ
。	。	。
EOS
とうとう	トウトウ	トートー
帽子	ボウシ	ボーシ
屋	ヤ	ヤ
が	ガ	ガ
みつかり	ミツカリ	ミツカリ
まし	マシ	マシ
た	タ	タ
。	。	。
EOS
お	オ	オ
母	カア	カー
さん	サン	サン
が	ガ	ガ
道々	ミチミチ	ミチミチ
よく	ヨク	ヨク
教え	オシエ	オシエ
て	テ	テ
くれ	クレ	クレ
た	タ	タ
、	、	、
黒い	クロイ	クロイ
大きな	オオキナ	オーキナ
シルク	シルク	シルク
ハット	ハット	ハット
の	ノ	ノ
帽子	ボウシ	ボーシ
の	ノ	ノ
看板	カンバン	カンバン
が	ガ	ガ
、	、	、
青い	アオイ	アオイ
電燈	デントウ	デントー
に	ニ	ニ
照さ	テラサ	テラサ
れ	レ	レ
て	テ	テ
かかっ	カカッ	カカッ
て	テ	テ
い	イ	イ
まし	マシ	マシ
た	タ	タ
。	。	。
EOS
子狐	コギツネ	コギツネ
は	ハ	ワ
教え	オシエ	オシエ
られ	ラレ	ラレ
た	タ	タ
通り	トオリ	トーリ
、	、	、
トントン	トントン	トントン
と	ト	ト
戸	ト	ト
を	ヲ	オ
叩き	タタキ	タタキ
まし	マシ	マシ
た	タ	タ
。	。	。
EOS
「	「	「
今晩は	コンバンハ	コンバンワ
」	」	」
EOS
する	スル	スル
と	ト	ト
、	、	、
中	ナカ	ナカ
で	デ	デ
は	ハ	ワ
何	ナニ	ナニ
か	カ	カ
ことこと	コトコト	コトコト
音	オト	オト
が	ガ	ガ
し	シ	シ
て	テ	テ
い	イ	イ
まし	マシ	マシ
た	タ	タ
が	ガ	ガ
やがて	ヤガテ	ヤガテ
、	、	、
戸	ト	ト
が	ガ	ガ
一寸	チョット	チョット
ほど	ホド	ホド
ゴロリ	ゴロリ	ゴロリ
と	ト	ト
あい	アイ	アイ
て	テ	テ
、	、	、
光	ヒカリ	ヒカリ
の	ノ	ノ
帯	オビ	オビ
が	ガ	ガ
道	ミチ	ミチ
の	ノ	ノ
白い	シロイ	シロイ
雪	ユキ	ユキ
の	ノ	ノ
上	ウエ	ウエ
に	ニ	ニ
長く	ナガク	ナガク
伸び	ノビ	ノビ
まし	マシ	マシ
た	タ	タ
。	。	。
EOS
子狐	コギツネ	コギツネ
は	ハ	ワ
その	ソノ	ソノ
光	ヒカリ	ヒカリ
が	ガ	ガ
まばゆかっ	マバユカッ	マバユカッ
た	タ	タ
の	ノ	ノ
で	デ	デ
、	、	、
めんくらっ	メンクラッ	メンクラッ
て	テ	テ
、	、	、
まちがっ	マチガッ	マチガッ
た	タ	タ
方	ホウ	ホー
の	ノ	ノ
手	テ	テ
を	ヲ	オ
、	、	、
お	オ	オ
母	カア	カー
さま	サマ	サマ
が	ガ	ガ
出し	ダシ	ダシ
ちゃ	チャ	チャ
いけ	イケ	イケ
ない	ナイ	ナイ
と	ト	ト
言っ	イッ	イッ
て	テ	テ
よく	ヨク	ヨク
聞か	キカ	キカ
せ	セ	セ
た	タ	タ
方	ホウ	ホー
の	ノ	ノ
手	テ	テ
を	ヲ	オ
すきま	スキマ	スキマ
から	カラ	カラ
さしこん	サシコン	サシコン
で	デ	デ
しまい	シマイ	シマイ
まし	マシ	マシ
た	タ	タ
。	。	。
EOS
「	「	「
この	コノ	コノ
お	オ	オ
手々	テテ	テテ
に	ニ	ニ
ちょうど	チョウド	チョード
いい	イイ	イー
手袋	テブクロ	テブクロ
下さい	クダサイ	クダサイ
」	」	」
EOS
する	スル	スル
と	ト	ト
帽子	ボウシ	ボーシ
屋	ヤ	ヤ
さん	サン	サン
は	ハ	ワ
、	、	、
おや	オヤ	オヤ
おや	オヤ	オヤ
と	ト	ト
思い	オモイ	オモイ
まし	マシ	マシ
た	タ	タ
。	。	。
EOS
狐	キツネ	キツネ
の	ノ	ノ
手	テ	テ
です	デス	デス
。	。	。
EOS
狐	キツネ	キツネ
の	ノ	ノ
手	テ	テ
が	ガ	ガ
手袋	テブクロ	テブクロ
を	ヲ	オ
くれ	クレ	クレ
と	ト	ト
言う	イウ	イウ
の	ノ	ノ
です	デス	デス
。	。	。
EOS
これ	コレ	コレ
は	ハ	ワ
きっと	キット	キット
木の葉	コノハ	コノハ
で	デ	デ
買い	カイ	カイ
に	ニ	ニ
来	キ	キ
た	タ	タ
ん	ン	ン
だ	ダ	ダ
な	ナ	ナ
と	ト	ト
思い	オモイ	オモイ
まし	マシ	マシ
た	タ	タ
。	。	。
EOS
そこ	ソコ	ソコ
で	デ	デ
、	、	、
EOS
「	「	「
先	サキ	サキ
に	ニ	ニ
お	オ	オ
金	カネ	カネ
を	ヲ	オ
下さい	クダサイ	クダサイ
」	」	」
と	ト	ト
言い	イイ	イー
まし	マシ	マシ
た	タ	タ
。	。	。
EOS
子狐	コギツネ	コギツネ
は	ハ	ワ
すなお	スナオ	スナオ
に	ニ	ニ
、	、	、
握っ	ニギッ	ニギッ
て	テ	テ
来	キ	キ
た	タ	タ
白	ハク	ハク
銅貨	ドウカ	ドーカ
を	ヲ	オ
二	フタ	フタ
つ	ツ	ツ
帽子	ボウシ	ボーシ
屋	ヤ	ヤ
さん	サン	サン
に	ニ	ニ
渡し	ワタシ	ワタシ
まし	マシ	マシ
た	タ	タ
。	。	。
EOS
帽子	ボウシ	ボーシ
屋	ヤ	ヤ
さん	サン	サン
は	ハ	ワ
それ	ソレ	ソレ
を	ヲ	オ
人差	ヒトサシ	ヒトサシ
指	ユビ	ユビ
の	ノ	ノ
さき	サキ	サキ
に	ニ	ニ
のっけ	ノッケ	ノッケ
て	テ	テ
、	、	、
カチ	カチ	カチ
合せ	アワセ	アワセ
て	テ	テ
見る	ミル	ミル
と	ト	ト
、	、	、
チンチン	チンチン	チンチン
と	ト	ト
よい	ヨイ	ヨイ
音	オト	オト
が	ガ	ガ
し	シ	シ
まし	マシ	マシ
た	タ	タ
の	ノ	ノ
で	デ	デ
、	、	、
これ	コレ	コレ
は	ハ	ワ
木の葉	コノハ	コノハ
じゃ	ジャ	ジャ
ない	ナイ	ナイ
、	、	、
ほんと	ホント	ホント
の	ノ	ノ
お	オ	オ
金	カネ	カネ
だ	ダ	ダ
と	ト	ト
思い	オモイ	オモイ
まし	マシ	マシ
た	タ	タ
の	ノ	ノ
で	デ	デ
、	、	、
棚	タナ	タナ
から	カラ	カラ
子供	コドモ	コドモ
用	ヨウ	ヨー
の	ノ	ノ
毛糸	ケイト	ケイト
の	ノ	ノ
手袋	テブクロ	テブクロ
を	ヲ	オ
とり出し	トリダシ	トリダシ
て	テ	テ
来	キ	キ
て	テ	テ
子狐	コギツネ	コギツネ
の	ノ	ノ
手	テ	テ
に	ニ	ニ
持た	モタ	モタ
せ	セ	セ
て	テ	テ
やり	ヤリ	ヤリ
まし	マシ	マシ
た	タ	タ
。	。	。
EOS
子狐	コギツネ	コギツネ
は	ハ	ワ
、	、	、
お	オ	オ
礼	レイ	レー
を	ヲ	オ
言っ	イッ	イッ
て	テ	テ
また	マタ	マタ
、	、	、
もと	モト	モト
来	キ	キ
た	タ	タ
道	ミチ	ミチ
を	ヲ	オ
帰り	カエリ	カエリ
始め	ハジメ	ハジメ
まし	マシ	マシ
た	タ	タ
。	。	。
EOS
「	「	「
お	オ	オ
母	カア	カー
さん	サン	サン
は	ハ	ワ
、	、	、
人間	ニンゲン	ニンゲン
は	ハ	ワ
恐ろしい	オソロシイ	オソロシー
もの	モノ	モノ
だ	ダ	ダ
って	ッテ	ッテ
仰った	オッシャッタ	オッシャッタ
が	ガ	ガ
ちっとも	チットモ	チットモ
恐ろしく	オソロシク	オソロシク
ない	ナイ	ナイ
や	ヤ	ヤ
。	。	。
EOS
だ	ダ	ダ
って	ッテ	ッテ
僕	ボク	ボク
の	ノ	ノ
手	テ	テ
を	ヲ	オ
見	ミ	ミ
て	テ	テ
も	モ	モ
どう	ドウ	ドー
も	モ	モ
し	シ	シ
なかっ	ナカッ	ナカッ
た	タ	タ
もの	モノ	モノ
」	」	」
と	ト	ト
思い	オモイ	オモイ
まし	マシ	マシ
た	タ	タ
。	。	。
EOS
けれど	ケレド	ケレド
子狐	コギツネ	コギツネ
は	ハ	ワ
いったい	イッタイ	イッタイ
人間	ニンゲン	ニンゲン
なんて	ナンテ	ナンテ
どんな	ドンナ	ドンナ
もの	モノ	モノ
か	カ	カ
見	ミ	ミ
たい	タイ	タイ
と	ト	ト
思い	オモイ	オモイ
まし	マシ	マシ
た	タ	タ
。	。	。
EOS
ある	アル	アル
窓	マド	マド
の	ノ	ノ
下	シタ	シタ
を	ヲ	オ
通りかかる	トオリカカル	トーリカカル
と	ト	ト
、	、	、
人間	ニンゲン	ニンゲン
の	ノ	ノ
声	コエ	コエ
が	ガ	ガ
し	シ	シ
て	テ	テ
い	イ	イ
まし	マシ	マシ
た	タ	タ
。	。	。
EOS
何	ナン	ナン
と	ト	ト
いう	イウ	イウ
やさしい	ヤサシイ	ヤサシー
、	、	、
何	ナン	ナン
と	ト	ト
いう	イウ	イウ
美しい	ウツクシイ	ウツクシー
、	、	、
何	ナン	ナン
と	ト	ト
言う	イウ	イウ
おっとり	オットリ	オットリ
し	シ	シ
た	タ	タ
声	コエ	コエ
な	ナ	ナ
ん	ン	ン
でしょう	デショウ	デショー
。	。	。
EOS
「	「	「
ねむれ	ネムレ	ネムレ
EOS
ねむれ	ネムレ	ネムレ
EOS
母	ハハ	ハハ
の	ノ	ノ
胸	ムネ	ムネ
に	ニ	ニ
、	、	、
EOS
ねむれ	ネムレ	ネムレ
EOS
ねむれ	ネムレ	ネムレ
EOS
母	ハハ	ハハ
の	ノ	ノ
手	テ	テ
に	ニ	ニ
」	」	」
EOS
子狐	コギツネ	コギツネ
は	ハ	ワ
その	ソノ	ソノ
唄声	ウタゴエ	ウタゴエ
は	ハ	ワ
、	、	、
きっと	キット	キット
人間	ニンゲン	ニンゲン
の	ノ	ノ
お	オ	オ
母	カア	カー
さん	サン	サン
の	ノ	ノ
声	コエ	コエ
に	ニ	ニ
ちがい	チガイ	チガイ
ない	ナイ	ナイ
と	ト	ト
思い	オモイ	オモイ
まし	マシ	マシ
た	タ	タ
。	。	。
EOS
だ	ダ	ダ
って	ッテ	ッテ
、	、	、
子狐	コギツネ	コギツネ
が	ガ	ガ
眠る	ネムル	ネムル
時	トキ	トキ
に	ニ	ニ
も	モ	モ
、	、	、
やっぱり	ヤッパリ	ヤッパリ
母	カア	カー
さん	サン	サン
狐	ギツネ	ギツネ
は	ハ	ワ
、	、	、
あんな	アンナ	アンナ
やさしい	ヤサシイ	ヤサシー
声	コエ	コエ
で	デ	デ
ゆすぶっ	ユスブッ	ユスブッ
て	テ	テ
くれる	クレル	クレル
から	カラ	カラ
です	デス	デス
。	。	。
EOS
する	スル	スル
と	ト	ト
こんど	コンド	コンド
は	ハ	ワ
、	、	、
子供	コドモ	コドモ
の	ノ	ノ
声	コエ	コエ
が	ガ	ガ
し	シ	シ
まし	マシ	マシ
た	タ	タ
。	。	。
EOS
「	「	「
母	カア	カー
ちゃん	チャン	チャン
、	、	、
こんな	コンナ	コンナ
寒い	サムイ	サムイ
夜	ヨル	ヨル
は	ハ	ワ
、	、	、
森	モリ	モリ
の	ノ	ノ
子狐	コギツネ	コギツネ
は	ハ	ワ
寒い	サムイ	サムイ
寒い	サムイ	サムイ
って	ッテ	ッテ
啼い	ナイ	ナイ
てる	テル	テル
でしょう	デショウ	デショー
ね	ネ	ネ
」	」	」
EOS
する	スル	スル
と	ト	ト
母	カア	カー
さん	サン	サン
の	ノ	ノ
声	コエ	コエ
が	ガ	ガ
、	、	、
EOS
「	「	「
森	モリ	モリ
の	ノ	ノ
子狐	コギツネ	コギツネ
も	モ	モ
お	オ	オ
母	カア	カー
さん	サン	サン
狐	ギツネ	ギツネ
の	ノ	ノ
お	オ	オ
唄	ウタ	ウタ
を	ヲ	オ
きい	キイ	キー
て	テ	テ
、	、	、
洞穴	ホラアナ	ホラアナ
の	ノ	ノ
中	ナカ	ナカ
で	デ	デ
眠ろう	ネムロウ	ネムロー
と	ト	ト
し	シ	シ
て	テ	テ
いる	イル	イル
でしょう	デショウ	デショー
ね	ネ	ネ
。	。	。
EOS
さあ	サア	サー
坊や	ボウヤ	ボーヤ
も	モ	モ
早く	ハヤク	ハヤク
ねん	ネン	ネン
ね	ネ	ネ
し	シ	シ
なさい	ナサイ	ナサイ
。	。	。
EOS
森	モリ	モリ
の	ノ	ノ
子狐	コギツネ	コギツネ
と	ト	ト
坊や	ボウヤ	ボーヤ
と	ト	ト
どっち	ドッチ	ドッチ
が	ガ	ガ
早く	ハヤク	ハヤク
ねん	ネン	ネン
ね	ネ	ネ
する	スル	スル
か	カ	カ
、	、	、
きっと	キット	キット
坊や	ボウヤ	ボーヤ
の	ノ	ノ
方	ホウ	ホー
が	ガ	ガ
早く	ハヤク	ハヤク
ねん	ネン	ネン
ね	ネ	ネ
し	シ	シ
ます	マス	マス
よ	ヨ	ヨ
」	」	」
EOS
それ	ソレ	ソレ
を	ヲ	オ
きく	キク	キク
と	ト	ト
子狐	コギツネ	コギツネ
は	ハ	ワ
急	キュウ	キュー
に	ニ	ニ
お	オ	オ
母	カア	カー
さん	サン	サン
が	ガ	ガ
恋しく	コイシク	コイシク
なっ	ナッ	ナッ
て	テ	テ
、	、	、
お	オ	オ
母	カア	カー
さん	サン	サン
狐	ギツネ	ギツネ
の	ノ	ノ
待っ	マッ	マッ
て	テ	テ
いる	イル	イル
方	カタ	カタ
へ	ヘ	エ
跳ん	トン	トン
で	デ	デ
行き	イキ	イキ
まし	マシ	マシ
た	タ	タ
。	。	。
EOS
お	オ	オ
母	カア	カー
さん	サン	サン
狐	ギツネ	ギツネ
は	ハ	ワ
、	、	、
心配	シンパイ	シンパイ
し	シ	シ
ながら	ナガラ	ナガラ
、	、	、
坊や	ボウヤ	ボーヤ
の	ノ	ノ
狐	キツネ	キツネ
の	ノ	ノ
帰っ	カエッ	カエッ
て	テ	テ
来る	クル	クル
の	ノ	ノ
を	ヲ	オ
、	、	、
今	イマ	イマ
か	カ	カ
今	イマ	イマ
か	カ	カ
と	ト	ト
ふるえ	フルエ	フルエ
ながら	ナガラ	ナガラ
待っ	マッ	マッ
て	テ	テ
い	イ	イ
まし	マシ	マシ
た	タ	タ
の	ノ	ノ
で	デ	デ
、	、	、
坊や	ボウヤ	ボーヤ
が	ガ	ガ
来る	クル	クル
と	ト	ト
、	、	、
暖い	アタタカイ	アタタカイ
胸	ムネ	ムネ
に	ニ	ニ
抱きしめ	ダキシメ	ダキシメ
て	テ	テ
泣き	ナキ	ナキ
たい	タイ	タイ
ほど	ホド	ホド
よろこび	ヨロコビ	ヨロコビ
まし	マシ	マシ
た	タ	タ
。	。	。
EOS
二	ニ	ニ
匹	ピキ	ピキ
の	ノ	ノ
狐	キツネ	キツネ
は	ハ	ワ
森	モリ	モリ
の	ノ	ノ
方	ホウ	ホー
へ	ヘ	エ
帰っ	カエッ	カエッ
て	テ	テ
行き	イキ	イキ
まし	マシ	マシ
た	タ	タ
。	。	。
EOS
月	ツキ	ツキ
が	ガ	ガ
出	デ	デ
た	タ	タ
の	ノ	ノ
で	デ	デ
、	、	、
狐	キツネ	キツネ
の	ノ	ノ
毛なみ	ケナミ	ケナミ
が	ガ	ガ
銀色	ギンイロ	ギンイロ
に	ニ	ニ
光り	ヒカリ	ヒカリ
、	、	、
その	ソノ	ソノ
足あと	アシアト	アシアト
に	ニ	ニ
は	ハ	ワ
、	、	、
コバルト	コバルト	コバルト
の	ノ	ノ
影	カゲ	カゲ
が	ガ	ガ
たまり	タマリ	タマリ
まし	マシ	マシ
た	タ	タ
。	。	。
EOS
「	「	「
母	カア	カー
ちゃん	チャン	チャン
、	、	、
人間	ニンゲン	ニンゲン
って	ッテ	ッテ
ちっとも	チットモ	チットモ
恐	オソル	オソル
か	カ	カ
な	ナ	ナ
いや	イヤ	イヤ
」	」	」
EOS
「	「	「
どう	ドウ	ドー
し	シ	シ
て	テ	テ
？	？	？
EOS
」	」	」
EOS
「	「	「
坊	ボウ	ボー
、	、	、
間違え	マチガエ	マチガエ
て	テ	テ
ほんとう	ホントウ	ホントー
の	ノ	ノ
お	オ	オ
手々	テテ	テテ
出し	ダシ	ダシ
ちゃっ	チャッ	チャッ
た	タ	タ
の	ノ	ノ
。	。	。
EOS
で	デ	デ
も	モ	モ
帽子	ボウシ	ボーシ
屋	ヤ	ヤ
さん	サン	サン
、	、	、
掴まえ	ツカマエ	ツカマエ
や	ヤ	ヤ
し	シ	シ
なかっ	ナカッ	ナカッ
た	タ	タ
もの	モノ	モノ
。	。	。
EOS
ちゃんと	チャント	チャント
こんな	コンナ	コンナ
いい	イイ	イー
暖い	アタタカイ	アタタカイ
手袋	テブクロ	テブクロ
くれ	クレ	クレ
た	タ	タ
もの	モノ	モノ
」	」	」
EOS
と	ト	ト
言っ	イッ	イッ
て	テ	テ
手袋	テブクロ	テブクロ
の	ノ	ノ
はまっ	ハマッ	ハマッ
た	タ	タ
両手	リョウテ	リョーテ
を	ヲ	オ
パンパン	パンパン	パンパン
やっ	ヤッ	ヤッ
て	テ	テ
見せ	ミセ	ミセ
まし	マシ	マシ
た	タ	タ
。	。	。
EOS
お	オ	オ
母	カア	カー
さん	サン	サン
狐	ギツネ	ギツネ
は	ハ	ワ
、	、	、
EOS
「	「	「
まあ	マア	マー
！	！	！
EOS
」	」	」
と	ト	ト
あきれ	アキレ	アキレ
まし	マシ	マシ
た	タ	タ
が	ガ	ガ
、	、	、
「	「	「
ほんとう	ホントウ	ホントー
に	ニ	ニ
人間	ニンゲン	ニンゲン
は	ハ	ワ
いい	イイ	イー
もの	モノ	モノ
かしら	カシラ	カシラ
。	。	。
EOS
ほんとう	ホントウ	ホントー
に	ニ	ニ
人間	ニンゲン	ニンゲン
は	ハ	ワ
いい	イイ	イー
もの	モノ	モノ
かしら	カシラ	カシラ
」	」	」
と	ト	ト
つぶやき	ツブヤキ	ツブヤキ
まし	マシ	マシ
た	タ	タ
。	。	。
EOS
