ごん	ゴン	ゴン
狐	ギツネ	ギツネ
EOS
新美	ニイミ	ニーミ
南吉	ナンキチ	ナンキチ
EOS
これ	コレ	コレ
は	ハ	ワ
、	、	、
私	ワタクシ	ワタクシ
が	ガ	ガ
小さい	チイサイ	チーサイ
とき	トキ	トキ
に	ニ	ニ
、	、	、
村	ムラ	ムラ
の	ノ	ノ
茂平	モヘイ	モヘー
と	ト	ト
いう	イウ	イウ
お	オ	オ
じい	ジイ	ジー
さん	サン	サン
から	カラ	カラ
きい	キイ	キー
た	タ	タ
お	オ	オ
話	ハナシ	ハナシ
です	デス	デス
。	。	。
EOS
むかし	ムカシ	ムカシ
は	ハ	ワ
、	、	、
私	ワタクシ	ワタクシ
たち	タチ	タチ
の	ノ	ノ
村	ムラ	ムラ
の	ノ	ノ
ちかく	チカク	チカク
の	ノ	ノ
、	、	、
中山	ナカヤマ	ナカヤマ
と	ト	ト
いう	ユウ	ユー
ところ	トコロ	トコロ
に	ニ	ニ
小さな	チイサナ	チーサナ
お	オ	オ
城	シロ	シロ
が	ガ	ガ
あっ	アッ	アッ
て	テ	テ
、	、	、
中山	ナカヤマ	ナカヤマ
さま	サマ	サマ
と	ト	ト
いう	ユウ	ユー
おと	オト	オト
の	ノ	ノ
さま	サマ	サマ
が	ガ	ガ
、	、	、
おら	オラ	オラ
れ	レ	レ
た	タ	タ
そう	ソウ	ソー
です	デス	デス
。	。	。
EOS
その	ソノ	ソノ
中山	ナカヤマ	ナカヤマ
から	カラ	カラ
、	、	、
少し	スコシ	スコシ
はなれ	ハナレ	ハナレ
た	タ	タ
山	ヤマ	ヤマ
の	ノ	ノ
中	ナカ	ナカ
に	ニ	ニ
、	、	、
「	「	「
ごん	ゴン	ゴン
狐	ギツネ	ギツネ
」	」	」
と	ト	ト
いう	ユウ	ユー
狐	キツネ	キツネ
が	ガ	ガ
い	イ	イ
まし	マシ	マシ
た	タ	タ
。	。	。
EOS
ごん	ゴン	ゴン
は	ハ	ワ
、	、	、
一人ぼっち	ヒトリボッチ	ヒトリボッチ
の	ノ	ノ
小	コ	コ
狐	ギツネ	ギツネ
で	デ	デ
、	、	、
しだ	シダ	シダ
の	ノ	ノ
一ぱい	イッパイ	イッパイ
しげっ	シゲッ	シゲッ
た	タ	タ
森	モリ	モリ
の	ノ	ノ
中	ナカ	ナカ
に	ニ	ニ
穴	アナ	アナ
を	ヲ	オ
ほっ	ホッ	ホッ
て	テ	テ
住ん	スン	スン
で	デ	デ
い	イ	イ
まし	マシ	マシ
た	タ	タ
。	。	。
EOS
そして	ソシテ	ソシテ
、	、	、
夜	ヨル	ヨル
で	デ	デ
も	モ	モ
昼	ヒル	ヒル
で	デ	デ
も	モ	モ
、	、	、
あたり	アタリ	アタリ
の	ノ	ノ
村	ムラ	ムラ
へ	ヘ	エ
出	デ	デ
て	テ	テ
き	キ	キ
て	テ	テ
、	、	、
いたずら	イタズラ	イタズラ
ばかり	バカリ	バカリ
し	シ	シ
まし	マシ	マシ
た	タ	タ
。	。	。
EOS
はたけ	ハタケ	ハタケ
へ	ヘ	エ
入っ	ハイッ	ハイッ
て	テ	テ
芋	イモ	イモ
を	ヲ	オ
ほり	ホリ	ホリ
ちら	チラ	チラ
し	シ	シ
たり	タリ	タリ
、	、	、
菜種	ナタネ	ナタネ
がら	ガラ	ガラ
の	ノ	ノ
、	、	、
ほし	ホシ	ホシ
て	テ	テ
ある	アル	アル
の	ノ	ノ
へ	ヘ	エ
火	ヒ	ヒ
を	ヲ	オ
つけ	ツケ	ツケ
たり	タリ	タリ
、	、	、
百姓	ヒャクショウ	ヒャクショー
家	ヤ	ヤ
の	ノ	ノ
裏手	ウラテ	ウラテ
に	ニ	ニ
つるし	ツルシ	ツルシ
て	テ	テ
ある	アル	アル
とんがらし	トンガラシ	トンガラシ
を	ヲ	オ
むしりとっ	ムシリトッ	ムシリトッ
て	テ	テ
、	、	、
いっ	イッ	イッ
たり	タリ	タリ
、	、	、
いろんな	イロンナ	イロンナ
こと	コト	コト
を	ヲ	オ
し	シ	シ
まし	マシ	マシ
た	タ	タ
。	。	。
EOS
或	アル	アル
秋	アキ	アキ
の	ノ	ノ
こと	コト	コト
でし	デシ	デシ
た	タ	タ
。	。	。
EOS
二	ニ	ニ
、	、	、
三	サン	サン
日	ニチ	ニチ
雨	アメ	アメ
が	ガ	ガ
ふり	フリ	フリ
つづい	ツヅイ	ツズイ
た	タ	タ
その	ソノ	ソノ
間	アイダ	アイダ
、	、	、
ごん	ゴン	ゴン
は	ハ	ワ
、	、	、
外	ソト	ソト
へ	ヘ	エ
も	モ	モ
出	デ	デ
られ	ラレ	ラレ
なく	ナク	ナク
て	テ	テ
穴	アナ	アナ
の	ノ	ノ
中	ナカ	ナカ
に	ニ	ニ
しゃがん	シャガン	シャガン
で	デ	デ
い	イ	イ
まし	マシ	マシ
た	タ	タ
。	。	。
EOS
雨	アメ	アメ
が	ガ	ガ
あがる	アガル	アガル
と	ト	ト
、	、	、
ごん	ゴン	ゴン
は	ハ	ワ
、	、	、
ほっと	ホット	ホット
し	シ	シ
て	テ	テ
穴	アナ	アナ
から	カラ	カラ
はい出	ハイデ	ハイデ
まし	マシ	マシ
た	タ	タ
。	。	。
EOS
空	ソラ	ソラ
は	ハ	ワ
からっ	カラッ	カラッ
と	ト	ト
晴れ	ハレ	ハレ
て	テ	テ
い	イ	イ
て	テ	テ
、	、	、
百舌鳥	モズ	モズ
の	ノ	ノ
声	コエ	コエ
が	ガ	ガ
きんきん	キンキン	キンキン
、	、	、
ひびい	ヒビイ	ヒビー
て	テ	テ
い	イ	イ
まし	マシ	マシ
た	タ	タ
。	。	。
EOS
ごん	ゴン	ゴン
は	ハ	ワ
、	、	、
村	ムラ	ムラ
の	ノ	ノ
小川	オガワ	オガワ
の	ノ	ノ
堤	ツツミ	ツツミ
まで	マデ	マデ
出	デ	デ
て	テ	テ
来	キ	キ
まし	マシ	マシ
た	タ	タ
。	。	。
EOS
あたり	アタリ	アタリ
の	ノ	ノ
、	、	、
すすきの	ススキノ	ススキノ
穂	ホ	ホ
に	ニ	ニ
は	ハ	ワ
、	、	、
まだ	マダ	マダ
雨	アメ	アメ
の	ノ	ノ
しずく	シズク	シズク
が	ガ	ガ
光っ	ヒカッ	ヒカッ
て	テ	テ
い	イ	イ
まし	マシ	マシ
た	タ	タ
。	。	。
EOS
川	カワ	カワ
は	ハ	ワ
、	、	、
いつ	イツ	イツ
も	モ	モ
は	ハ	ワ
水	ミズ	ミズ
が	ガ	ガ
少い	スクナイ	スクナイ
の	ノ	ノ
です	デス	デス
が	ガ	ガ
、	、	、
三	ミッ	ミッ
日	カ	カ
も	モ	モ
の	ノ	ノ
雨	アメ	アメ
で	デ	デ
、	、	、
水	ミズ	ミズ
が	ガ	ガ
、	、	、
どっと	ドット	ドット
まし	マシ	マシ
て	テ	テ
い	イ	イ
まし	マシ	マシ
た	タ	タ
。	。	。
EOS
ただ	タダ	タダ
の	ノ	ノ
とき	トキ	トキ
は	ハ	ワ
水	ミズ	ミズ
に	ニ	ニ
つかる	ツカル	ツカル
こと	コト	コト
の	ノ	ノ
ない	ナイ	ナイ
、	、	、
川べり	カワベリ	カワベリ
の	ノ	ノ
すすき	ススキ	ススキ
や	ヤ	ヤ
、	、	、
萩	ハギ	ハギ
の	ノ	ノ
株	カブ	カブ
が	ガ	ガ
、	、	、
黄いろく	キイロク	キイロク
にごっ	ニゴッ	ニゴッ
た	タ	タ
水	ミズ	ミズ
に	ニ	ニ
横だおし	ヨコダオシ	ヨコダオシ
に	ニ	ニ
なっ	ナッ	ナッ
て	テ	テ
、	、	、
もま	モマ	モマ
れ	レ	レ
て	テ	テ
い	イ	イ
ます	マス	マス
。	。	。
EOS
ごん	ゴン	ゴン
は	ハ	ワ
川下	カワシモ	カワシモ
の	ノ	ノ
方	ホウ	ホー
へ	ヘ	エ
と	ト	ト
、	、	、
ぬかるみ	ヌカルミ	ヌカルミ
みち	ミチ	ミチ
を	ヲ	オ
歩い	アルイ	アルイ
て	テ	テ
いき	イキ	イキ
まし	マシ	マシ
た	タ	タ
。	。	。
EOS
ふと	フト	フト
見る	ミル	ミル
と	ト	ト
、	、	、
川	ガワ	ガワ
の	ノ	ノ
中	ナカ	ナカ
に	ニ	ニ
人	ヒト	ヒト
が	ガ	ガ
い	イ	イ
て	テ	テ
、	、	、
何	ナン	ナン
か	カ	カ
やっ	ヤッ	ヤッ
て	テ	テ
い	イ	イ
ます	マス	マス
。	。	。
EOS
ごん	ゴン	ゴン
は	ハ	ワ
、	、	、
見つから	ミツカラ	ミツカラ
ない	ナイ	ナイ
よう	ヨウ	ヨー
に	ニ	ニ
、	、	、
そうっと	ソウット	ソーット
草	クサ	クサ
の	ノ	ノ
深い	フカイ	フカイ
ところ	トコロ	トコロ
へ	ヘ	エ
歩きよっ	アルキヨッ	アルキヨッ
て	テ	テ
、	、	、
そこ	ソコ	ソコ
から	カラ	カラ
じっと	ジット	ジット
のぞい	ノゾイ	ノゾイ
て	テ	テ
み	ミ	ミ
まし	マシ	マシ
た	タ	タ
。	。	。
EOS
「	「	「
兵十	ヒョウジュウ	ヒョージュー
だ	ダ	ダ
な	ナ	ナ
」	」	」
と	ト	ト
、	、	、
ごん	ゴン	ゴン
は	ハ	ワ
思い	オモイ	オモイ
まし	マシ	マシ
た	タ	タ
。	。	。
EOS
兵十	ヒョウジュウ	ヒョージュー
は	ハ	ワ
ぼろぼろ	ボロボロ	ボロボロ
の	ノ	ノ
黒い	クロイ	クロイ
きもの	キモノ	キモノ
を	ヲ	オ
まくし上げ	マクシアゲ	マクシアゲ
て	テ	テ
、	、	、
腰	コシ	コシ
の	ノ	ノ
ところ	トコロ	トコロ
まで	マデ	マデ
水	ミズ	ミズ
に	ニ	ニ
ひたり	ヒタリ	ヒタリ
ながら	ナガラ	ナガラ
、	、	、
魚	サカナ	サカナ
を	ヲ	オ
とる	トル	トル
、	、	、
はりきり	ハリキリ	ハリキリ
と	ト	ト
いう	イウ	イウ
、	、	、
網	アミ	アミ
を	ヲ	オ
ゆすぶっ	ユスブッ	ユスブッ
て	テ	テ
い	イ	イ
まし	マシ	マシ
た	タ	タ
。	。	。
EOS
はちまき	ハチマキ	ハチマキ
を	ヲ	オ
し	シ	シ
た	タ	タ
顔	カオ	カオ
の	ノ	ノ
横っちょう	ヨコッチョウ	ヨコッチョー
に	ニ	ニ
、	、	、
まるい	マルイ	マルイ
萩	ハギ	ハギ
の	ノ	ノ
葉	ハ	ハ
が	ガ	ガ
一	イッ	イッ
まい	マイ	マイ
、	、	、
大きな	オオキナ	オーキナ
黒子	ホクロ	ホクロ
みたい	ミタイ	ミタイ
に	ニ	ニ
へばりつい	ヘバリツイ	ヘバリツイ
て	テ	テ
い	イ	イ
まし	マシ	マシ
た	タ	タ
。	。	。
EOS
しばらく	シバラク	シバラク
する	スル	スル
と	ト	ト
、	、	、
兵十	ヒョウジュウ	ヒョージュー
は	ハ	ワ
、	、	、
はりきり	ハリキリ	ハリキリ
網	アミ	アミ
の	ノ	ノ
一ばん	イチバン	イチバン
うしろ	ウシロ	ウシロ
の	ノ	ノ
、	、	、
袋	フクロ	フクロ
の	ノ	ノ
よう	ヨウ	ヨー
に	ニ	ニ
なっ	ナッ	ナッ
た	タ	タ
ところ	トコロ	トコロ
を	ヲ	オ
、	、	、
水	ミズ	ミズ
の	ノ	ノ
中	ナカ	ナカ
から	カラ	カラ
もちあげ	モチアゲ	モチアゲ
まし	マシ	マシ
た	タ	タ
。	。	。
EOS
その	ソノ	ソノ
中	ナカ	ナカ
に	ニ	ニ
は	ハ	ワ
、	、	、
芝	シバ	シバ
の	ノ	ノ
根	ネ	ネ
や	ヤ	ヤ
、	、	、
草	クサ	クサ
の	ノ	ノ
葉	ハ	ハ
や	ヤ	ヤ
、	、	、
くさっ	クサッ	クサッ
た	タ	タ
木ぎれ	キギレ	キギレ
など	ナド	ナド
が	ガ	ガ
、	、	、
ごちゃごちゃ	ゴチャゴチャ	ゴチャゴチャ
はいっ	ハイッ	ハイッ
て	テ	テ
い	イ	イ
まし	マシ	マシ
た	タ	タ
が	ガ	ガ
、	、	、
で	デ	デ
も	モ	モ
ところどころ	トコロドコロ	トコロドコロ
、	、	、
白い	シロイ	シロイ
もの	モノ	モノ
が	ガ	ガ
きらきら	キラキラ	キラキラ
光っ	ヒカッ	ヒカッ
て	テ	テ
い	イ	イ
ます	マス	マス
。	。	。
EOS
それ	ソレ	ソレ
は	ハ	ワ
、	、	、
ふとい	フトイ	フトイ
うなぎ	ウナギ	ウナギ
の	ノ	ノ
腹	ハラ	ハラ
や	ヤ	ヤ
、	、	、
大きな	オオキナ	オーキナ
きす	キス	キス
の	ノ	ノ
腹	ハラ	ハラ
でし	デシ	デシ
た	タ	タ
。	。	。
EOS
兵十	ヒョウジュウ	ヒョージュー
は	ハ	ワ
、	、	、
びく	ビク	ビク
の	ノ	ノ
中	ナカ	ナカ
へ	ヘ	エ
、	、	、
その	ソノ	ソノ
うなぎ	ウナギ	ウナギ
や	ヤ	ヤ
きす	キス	キス
を	ヲ	オ
、	、	、
ごみ	ゴミ	ゴミ
と	ト	ト
一しょ	イッショ	イッショ
に	ニ	ニ
ぶちこみ	ブチコミ	ブチコミ
まし	マシ	マシ
た	タ	タ
。	。	。
EOS
そして	ソシテ	ソシテ
、	、	、
また	マタ	マタ
、	、	、
袋	フクロ	フクロ
の	ノ	ノ
口	クチ	クチ
を	ヲ	オ
しばっ	シバッ	シバッ
て	テ	テ
、	、	、
水	ミズ	ミズ
の	ノ	ノ
中	ナカ	ナカ
へ	ヘ	エ
入れ	イレ	イレ
まし	マシ	マシ
た	タ	タ
。	。	。
EOS
兵十	ヒョウジュウ	ヒョージュー
は	ハ	ワ
それ	ソレ	ソレ
から	カラ	カラ
、	、	、
びく	ビク	ビク
を	ヲ	オ
もっ	モッ	モッ
て	テ	テ
川	ガワ	ガワ
から	カラ	カラ
上り	アガリ	アガリ
びく	ビク	ビク
を	ヲ	オ
土手	ドテ	ドテ
に	ニ	ニ
おい	オイ	オイ
とい	トイ	トイ
て	テ	テ
、	、	、
何	ナニ	ナニ
を	ヲ	オ
さがし	サガシ	サガシ
に	ニ	ニ
か	カ	カ
、	、	、
川上	カワカミ	カワカミ
の	ノ	ノ
方	ホウ	ホー
へ	ヘ	エ
かけ	カケ	カケ
て	テ	テ
いき	イキ	イキ
まし	マシ	マシ
た	タ	タ
。	。	。
EOS
兵十	ヒョウジュウ	ヒョージュー
が	ガ	ガ
い	イ	イ
なく	ナク	ナク
なる	ナル	ナル
と	ト	ト
、	、	、
ごん	ゴン	ゴン
は	ハ	ワ
、	、	、
ぴょい	ピョイ	ピョイ
と	ト	ト
草	クサ	クサ
の	ノ	ノ
中	ナカ	ナカ
から	カラ	カラ
とび出し	トビダシ	トビダシ
て	テ	テ
、	、	、
びく	ビク	ビク
の	ノ	ノ
そば	ソバ	ソバ
へ	ヘ	エ
かけつけ	カケツケ	カケツケ
まし	マシ	マシ
た	タ	タ
。	。	。
EOS
ちょいと	チョイト	チョイト
、	、	、
いたずら	イタズラ	イタズラ
が	ガ	ガ
し	シ	シ
たく	タク	タク
なっ	ナッ	ナッ
た	タ	タ
の	ノ	ノ
です	デス	デス
。	。	。
EOS
ごん	ゴン	ゴン
は	ハ	ワ
びく	ビク	ビク
の	ノ	ノ
中	ナカ	ナカ
の	ノ	ノ
魚	サカナ	サカナ
を	ヲ	オ
つかみ出し	ツカミダシ	ツカミダシ
て	テ	テ
は	ハ	ワ
、	、	、
はりきり	ハリキリ	ハリキリ
網	アミ	アミ
の	ノ	ノ
かかっ	カカッ	カカッ
て	テ	テ
いる	イル	イル
ところ	トコロ	トコロ
より	ヨリ	ヨリ
下手	シモテ	シモテ
の	ノ	ノ
川	カワ	カワ
の	ノ	ノ
中	ナカ	ナカ
を	ヲ	オ
目がけ	メガケ	メガケ
て	テ	テ
、	、	、
ぽんぽん	ポンポン	ポンポン
なげこみ	ナゲコミ	ナゲコミ
まし	マシ	マシ
た	タ	タ
。	。	。
EOS
どの	ドノ	ドノ
魚	サカナ	サカナ
も	モ	モ
、	、	、
「	「	「
とぼん	トボン	トボン
」	」	」
と	ト	ト
音	オト	オト
を	ヲ	オ
立て	タテ	タテ
ながら	ナガラ	ナガラ
、	、	、
にごっ	ニゴッ	ニゴッ
た	タ	タ
水	ミズ	ミズ
の	ノ	ノ
中	ナカ	ナカ
へ	ヘ	エ
もぐりこみ	モグリコミ	モグリコミ
まし	マシ	マシ
た	タ	タ
。	。	。
EOS
一ばん	イチバン	イチバン
しまい	シマイ	シマイ
に	ニ	ニ
、	、	、
太い	フトイ	フトイ
うなぎ	ウナギ	ウナギ
を	ヲ	オ
つかみ	ツカミ	ツカミ
に	ニ	ニ
かかり	カカリ	カカリ
まし	マシ	マシ
た	タ	タ
が	ガ	ガ
、	、	、
何しろ	ナニシロ	ナニシロ
ぬるぬる	ヌルヌル	ヌルヌル
と	ト	ト
すべりぬける	スベリヌケル	スベリヌケル
の	ノ	ノ
で	デ	デ
、	、	、
手	テ	テ
で	デ	デ
は	ハ	ワ
つかめ	ツカメ	ツカメ
ませ	マセ	マセ
ん	ン	ン
。	。	。
EOS
ごん	ゴン	ゴン
は	ハ	ワ
じれったく	ジレッタク	ジレッタク
なっ	ナッ	ナッ
て	テ	テ
、	、	、
頭	アタマ	アタマ
を	ヲ	オ
びく	ビク	ビク
の	ノ	ノ
中	ナカ	ナカ
に	ニ	ニ
つッ	ツッ	ツッ
こん	コン	コン
で	デ	デ
、	、	、
うなぎ	ウナギ	ウナギ
の	ノ	ノ
頭	アタマ	アタマ
を	ヲ	オ
口	クチ	クチ
に	ニ	ニ
くわえ	クワエ	クワエ
まし	マシ	マシ
た	タ	タ
。	。	。
EOS
うなぎ	ウナギ	ウナギ
は	ハ	ワ
、	、	、
キュッ	キュッ	キュッ
と	ト	ト
言っ	イッ	イッ
て	テ	テ
ごん	ゴン	ゴン
の	ノ	ノ
首	クビ	クビ
へ	ヘ	エ
まきつき	マキツキ	マキツキ
まし	マシ	マシ
た	タ	タ
。	。	。
EOS
その	ソノ	ソノ
とたん	トタン	トタン
に	ニ	ニ
兵十	ヒョウジュウ	ヒョージュー
が	ガ	ガ
、	、	、
向う	ムコウ	ムコー
から	カラ	カラ
、	、	、
EOS
「	「	「
うわ	ウワ	ウワ
ア	ア	ア
ぬ	ヌ	ヌ
す	ス	ス
と	ト	ト
狐	ギツネ	ギツネ
め	メ	メ
」	」	」
と	ト	ト
、	、	、
どなりたて	ドナリタテ	ドナリタテ
まし	マシ	マシ
た	タ	タ
。	。	。
EOS
ごん	ゴン	ゴン
は	ハ	ワ
、	、	、
びっくり	ビックリ	ビックリ
し	シ	シ
て	テ	テ
とびあがり	トビアガリ	トビアガリ
まし	マシ	マシ
た	タ	タ
。	。	。
EOS
うなぎ	ウナギ	ウナギ
を	ヲ	オ
ふりすて	フリステ	フリステ
て	テ	テ
にげよう	ニゲヨウ	ニゲヨー
と	ト	ト
し	シ	シ
まし	マシ	マシ
た	タ	タ
が	ガ	ガ
、	、	、
うなぎ	ウナギ	ウナギ
は	ハ	ワ
、	、	、
ごん	ゴン	ゴン
の	ノ	ノ
首	クビ	クビ
に	ニ	ニ
まきつい	マキツイ	マキツイ
た	タ	タ
まま	ママ	ママ
は	ハ	ワ
なれ	ナレ	ナレ
ませ	マセ	マセ
ん	ン	ン
。	。	。
EOS
ごん	ゴン	ゴン
は	ハ	ワ
その	ソノ	ソノ
まま	ママ	ママ
横っとび	ヨコットビ	ヨコットビ
に	ニ	ニ
とび出し	トビダシ	トビダシ
て	テ	テ
一	イッ	イッ
しょう	ショウ	ショー
けんめい	ケンメイ	ケンメー
に	ニ	ニ
、	、	、
にげ	ニゲ	ニゲ
て	テ	テ
いき	イキ	イキ
まし	マシ	マシ
た	タ	タ
。	。	。
EOS
ほら穴	ホラアナ	ホラアナ
の	ノ	ノ
近く	チカク	チカク
の	ノ	ノ
、	、	、
はんの木	ハンノキ	ハンノキ
の	ノ	ノ
下	モト	モト
で	デ	デ
ふりかえっ	フリカエッ	フリカエッ
て	テ	テ
見	ミ	ミ
まし	マシ	マシ
た	タ	タ
が	ガ	ガ
、	、	、
兵十	ヒョウジュウ	ヒョージュー
は	ハ	ワ
追っかけ	オッカケ	オッカケ
て	テ	テ
は	ハ	ワ
来	キ	キ
ませ	マセ	マセ
ん	ン	ン
でし	デシ	デシ
た	タ	タ
。	。	。
EOS
ごん	ゴン	ゴン
は	ハ	ワ
、	、	、
ほっと	ホット	ホット
し	シ	シ
て	テ	テ
、	、	、
うなぎ	ウナギ	ウナギ
の	ノ	ノ
頭	アタマ	アタマ
を	ヲ	オ
かみくだき	カミクダキ	カミクダキ
、	、	、
やっと	ヤット	ヤット
はずし	ハズシ	ハズシ
て	テ	テ
穴	アナ	アナ
の	ノ	ノ
そと	ソト	ソト
の	ノ	ノ
、	、	、
草	クサ	クサ
の	ノ	ノ
葉	ハ	ハ
の	ノ	ノ
上	ウエ	ウエ
に	ニ	ニ
のせ	ノセ	ノセ
て	テ	テ
おき	オキ	オキ
まし	マシ	マシ
た	タ	タ
。	。	。
EOS
十	トオ	トー
日	カ	カ
ほど	ホド	ホド
たっ	タッ	タッ
て	テ	テ
、	、	、
ごん	ゴン	ゴン
が	ガ	ガ
、	、	、
弥助	ヤスケ	ヤスケ
と	ト	ト
いう	イウ	イウ
お	オ	オ
百姓	ヒャクショウ	ヒャクショー
の	ノ	ノ
家	イエ	イエ
の	ノ	ノ
裏	ウラ	ウラ
を	ヲ	オ
通りかかり	トオリカカリ	トーリカカリ
ます	マス	マス
と	ト	ト
、	、	、
そこ	ソコ	ソコ
の	ノ	ノ
、	、	、
いちじく	イチジク	イチジク
の	ノ	ノ
木	キ	キ
の	ノ	ノ
かげ	カゲ	カゲ
で	デ	デ
、	、	、
弥助	ヤスケ	ヤスケ
の	ノ	ノ
家内	カナイ	カナイ
が	ガ	ガ
、	、	、
お	オ	オ
はぐろ	ハグロ	ハグロ
を	ヲ	オ
つけ	ツケ	ツケ
て	テ	テ
い	イ	イ
まし	マシ	マシ
た	タ	タ
。	。	。
EOS
鍛冶屋	カジヤ	カジヤ
の	ノ	ノ
新兵衛	シンベエ	シンベー
の	ノ	ノ
家	イエ	イエ
の	ノ	ノ
うら	ウラ	ウラ
を	ヲ	オ
通る	トオル	トール
と	ト	ト
、	、	、
新兵衛	シンベエ	シンベー
の	ノ	ノ
家内	カナイ	カナイ
が	ガ	ガ
髪	カミ	カミ
を	ヲ	オ
すい	スイ	スイ
て	テ	テ
い	イ	イ
まし	マシ	マシ
た	タ	タ
。	。	。
EOS
ごん	ゴン	ゴン
は	ハ	ワ
、	、	、
EOS
「	「	「
ふふん	フフン	フフン
、	、	、
村	ムラ	ムラ
に	ニ	ニ
何	ナン	ナン
か	カ	カ
ある	アル	アル
ん	ン	ン
だ	ダ	ダ
な	ナ	ナ
」	」	」
と	ト	ト
、	、	、
思い	オモイ	オモイ
まし	マシ	マシ
た	タ	タ
。	。	。
EOS
「	「	「
何	ナン	ナン
だろう	ダロウ	ダロー
、	、	、
秋	アキ	アキ
祭	マツリ	マツリ
か	カ	カ
な	ナ	ナ
。	。	。
EOS
祭	マツリ	マツリ
なら	ナラ	ナラ
、	、	、
太鼓	タイコ	タイコ
や	ヤ	ヤ
笛	フエ	フエ
の	ノ	ノ
音	オト	オト
が	ガ	ガ
し	シ	シ
そう	ソウ	ソー
な	ナ	ナ
もの	モノ	モノ
だ	ダ	ダ
。	。	。
EOS
それ	ソレ	ソレ
に	ニ	ニ
第	ダイ	ダイ
一	イチ	イチ
、	、	、
お	オ	オ
宮	ミヤ	ミヤ
に	ニ	ニ
のぼり	ノボリ	ノボリ
が	ガ	ガ
立つ	タツ	タツ
はず	ハズ	ハズ
だ	ダ	ダ
が	ガ	ガ
」	」	」
EOS
こんな	コンナ	コンナ
こと	コト	コト
を	ヲ	オ
考え	カンガエ	カンガエ
ながら	ナガラ	ナガラ
やっ	ヤッ	ヤッ
て	テ	テ
来	キ	キ
ます	マス	マス
と	ト	ト
、	、	、
いつ	イツ	イツ
の	ノ	ノ
間	マ	マ
に	ニ	ニ
か	カ	カ
、	、	、
表	オモテ	オモテ
に	ニ	ニ
赤い	アカイ	アカイ
井戸	イド	イド
の	ノ	ノ
ある	アル	アル
、	、	、
兵十	ヒョウジュウ	ヒョージュー
の	ノ	ノ
家	イエ	イエ
の	ノ	ノ
前	マエ	マエ
へ	ヘ	エ
来	キ	キ
まし	マシ	マシ
た	タ	タ
。	。	。
EOS
その	ソノ	ソノ
小さな	チイサナ	チーサナ
、	、	、
こわれかけ	コワレカケ	コワレカケ
た	タ	タ
家	イエ	イエ
の	ノ	ノ
中	ナカ	ナカ
に	ニ	ニ
は	ハ	ワ
、	、	、
大勢	オオゼイ	オーゼー
の	ノ	ノ
人	ヒト	ヒト
が	ガ	ガ
あつまっ	アツマッ	アツマッ
て	テ	テ
い	イ	イ
まし	マシ	マシ
た	タ	タ
。	。	。
EOS
よそいき	ヨソイキ	ヨソイキ
の	ノ	ノ
着物	キモノ	キモノ
を	ヲ	オ
着	キ	キ
て	テ	テ
、	、	、
腰	コシ	コシ
に	ニ	ニ
手拭	テヌグイ	テヌグイ
を	ヲ	オ
さげ	サゲ	サゲ
たり	タリ	タリ
し	シ	シ
た	タ	タ
女	オンナ	オンナ
たち	タチ	タチ
が	ガ	ガ
、	、	、
表	オモテ	オモテ
の	ノ	ノ
かまど	カマド	カマド
で	デ	デ
火	ヒ	ヒ
を	ヲ	オ
たい	タイ	タイ
て	テ	テ
い	イ	イ
ます	マス	マス
。	。	。
EOS
大きな	オオキナ	オーキナ
鍋	ナベ	ナベ
の	ノ	ノ
中	ナカ	ナカ
で	デ	デ
は	ハ	ワ
、	、	、
何	ナン	ナン
か	カ	カ
ぐずぐず	グズグズ	グズグズ
煮え	ニエ	ニエ
て	テ	テ
い	イ	イ
まし	マシ	マシ
た	タ	タ
。	。	。
EOS
「	「	「
ああ	アア	アー
、	、	、
葬式	ソウシキ	ソーシキ
だ	ダ	ダ
」	」	」
と	ト	ト
、	、	、
ごん	ゴン	ゴン
は	ハ	ワ
思い	オモイ	オモイ
まし	マシ	マシ
た	タ	タ
。	。	。
EOS
「	「	「
兵十	ヒョウジュウ	ヒョージュー
の	ノ	ノ
家	イエ	イエ
の	ノ	ノ
だれ	ダレ	ダレ
が	ガ	ガ
死ん	シン	シン
だ	ダ	ダ
ん	ン	ン
だろう	ダロウ	ダロー
」	」	」
EOS
お	オ	オ
午	ヒル	ヒル
が	ガ	ガ
すぎる	スギル	スギル
と	ト	ト
、	、	、
ごん	ゴン	ゴン
は	ハ	ワ
、	、	、
村	ムラ	ムラ
の	ノ	ノ
墓地	ボチ	ボチ
へ	ヘ	エ
行っ	イッ	イッ
て	テ	テ
、	、	、
六	ロク	ロク
地蔵	ジゾウ	ジゾー
さん	サン	サン
の	ノ	ノ
かげ	カゲ	カゲ
に	ニ	ニ
かくれ	カクレ	カクレ
て	テ	テ
い	イ	イ
まし	マシ	マシ
た	タ	タ
。	。	。
EOS
いい	イイ	イー
お	オ	オ
天気	テンキ	テンキ
で	デ	デ
、	、	、
遠く	トオク	トーク
向う	ムコウ	ムコー
に	ニ	ニ
は	ハ	ワ
、	、	、
お	オ	オ
城	シロ	シロ
の	ノ	ノ
屋根瓦	ヤネガワラ	ヤネガワラ
が	ガ	ガ
光っ	ヒカッ	ヒカッ
て	テ	テ
い	イ	イ
ます	マス	マス
。	。	。
EOS
墓地	ボチ	ボチ
に	ニ	ニ
は	ハ	ワ
、	、	、
ひがん	ヒガン	ヒガン
花	バナ	バナ
が	ガ	ガ
、	、	、
赤い	アカイ	アカイ
布	ヌノ	ヌノ
の	ノ	ノ
よう	ヨウ	ヨー
に	ニ	ニ
さき	サキ	サキ
つづい	ツヅイ	ツズイ
て	テ	テ
い	イ	イ
まし	マシ	マシ
た	タ	タ
。	。	。
と	ト	ト
、	、	、
村	ムラ	ムラ
の	ノ	ノ
方	ホウ	ホー
から	カラ	カラ
、	、	、
カーン	カーン	カーン
、	、	、
カーン	カーン	カーン
、	、	、
と	ト	ト
、	、	、
鐘	カネ	カネ
が	ガ	ガ
鳴っ	ナッ	ナッ
て	テ	テ
来	キ	キ
まし	マシ	マシ
た	タ	タ
。	。	。
EOS
葬式	ソウシキ	ソーシキ
の	ノ	ノ
出る	デル	デル
合図	アイズ	アイズ
です	デス	デス
。	。	。
EOS
やが	ヤガ	ヤガ
て	テ	テ
、	、	、
白い	シロイ	シロイ
着物	キモノ	キモノ
を	ヲ	オ
着	キ	キ
た	タ	タ
葬列	ソウレツ	ソーレツ
の	ノ	ノ
もの	モノ	モノ
たち	タチ	タチ
が	ガ	ガ
やっ	ヤッ	ヤッ
て	テ	テ
来る	クル	クル
の	ノ	ノ
が	ガ	ガ
ちらちら	チラチラ	チラチラ
見え	ミエ	ミエ
はじめ	ハジメ	ハジメ
まし	マシ	マシ
た	タ	タ
。	。	。
EOS
話声	ハナシゴエ	ハナシゴエ
も	モ	モ
近く	チカク	チカク
なり	ナリ	ナリ
まし	マシ	マシ
た	タ	タ
。	。	。
EOS
葬列	ソウレツ	ソーレツ
は	ハ	ワ
墓地	ボチ	ボチ
へ	ヘ	エ
はいっ	ハイッ	ハイッ
て	テ	テ
来	キ	キ
まし	マシ	マシ
た	タ	タ
。	。	。
EOS
人々	ヒトビト	ヒトビト
が	ガ	ガ
通っ	カヨッ	カヨッ
た	タ	タ
あと	アト	アト
に	ニ	ニ
は	ハ	ワ
、	、	、
ひがん	ヒガン	ヒガン
花	バナ	バナ
が	ガ	ガ
、	、	、
ふみ	フミ	フミ
おら	オラ	オラ
れ	レ	レ
て	テ	テ
い	イ	イ
まし	マシ	マシ
た	タ	タ
。	。	。
EOS
ごん	ゴン	ゴン
は	ハ	ワ
のびあがっ	ノビアガッ	ノビアガッ
て	テ	テ
見	ミ	ミ
まし	マシ	マシ
た	タ	タ
。	。	。
EOS
兵十	ヒョウジュウ	ヒョージュー
が	ガ	ガ
、	、	、
白い	シロイ	シロイ
かみしも	カミシモ	カミシモ
を	ヲ	オ
つけ	ツケ	ツケ
て	テ	テ
、	、	、
位牌	イハイ	イハイ
を	ヲ	オ
ささげ	ササゲ	ササゲ
て	テ	テ
い	イ	イ
ます	マス	マス
。	。	。
EOS
いつ	イツ	イツ
も	モ	モ
は	ハ	ワ
、	、	、
赤い	アカイ	アカイ
さつま	サツマ	サツマ
芋	イモ	イモ
みたい	ミタイ	ミタイ
な	ナ	ナ
元気	ゲンキ	ゲンキ
の	ノ	ノ
いい	イイ	イー
顔	カオ	カオ
が	ガ	ガ
、	、	、
きょう	キョウ	キョー
は	ハ	ワ
何	ナン	ナン
だ	ダ	ダ
か	カ	カ
しおれ	シオレ	シオレ
て	テ	テ
い	イ	イ
まし	マシ	マシ
た	タ	タ
。	。	。
EOS
「	「	「
ははん	ハハン	ハハン
、	、	、
死ん	シン	シン
だ	ダ	ダ
の	ノ	ノ
は	ハ	ワ
兵十	ヒョウジュウ	ヒョージュー
の	ノ	ノ
おっ	オッ	オッ
母	カア	カア
だ	ダ	ダ
」	」	」
EOS
ごん	ゴン	ゴン
は	ハ	ワ
そう	ソウ	ソー
思い	オモイ	オモイ
ながら	ナガラ	ナガラ
、	、	、
頭	アタマ	アタマ
を	ヲ	オ
ひっこめ	ヒッコメ	ヒッコメ
まし	マシ	マシ
た	タ	タ
。	。	。
EOS
その	ソノ	ソノ
晩	バン	バン
、	、	、
ごん	ゴン	ゴン
は	ハ	ワ
、	、	、
穴	アナ	アナ
の	ノ	ノ
中	ナカ	ナカ
で	デ	デ
考え	カンガエ	カンガエ
まし	マシ	マシ
た	タ	タ
。	。	。
EOS
「	「	「
兵十	ヒョウジュウ	ヒョージュー
の	ノ	ノ
おっ	オッ	オッ
母	カア	カア
は	ハ	ワ
、	、	、
床	トコ	トコ
に	ニ	ニ
つい	ツイ	ツイ
て	テ	テ
い	イ	イ
て	テ	テ
、	、	、
うなぎ	ウナギ	ウナギ
が	ガ	ガ
食べ	タベ	タベ
たい	タイ	タイ
と	ト	ト
言っ	イッ	イッ
た	タ	タ
に	ニ	ニ
ちがい	チガイ	チガイ
ない	ナイ	ナイ
。	。	。
EOS
それ	ソレ	ソレ
で	デ	デ
兵十	ヒョウジュウ	ヒョージュー
が	ガ	ガ
はりきり	ハリキリ	ハリキリ
網	アミ	アミ
を	ヲ	オ
もち出し	モチダシ	モチダシ
た	タ	タ
ん	ン	ン
だ	ダ	ダ
。	。	。
EOS
ところ	トコロ	トコロ
が	ガ	ガ
、	、	、
わし	ワシ	ワシ
が	ガ	ガ
いたずら	イタズラ	イタズラ
を	ヲ	オ
し	シ	シ
て	テ	テ
、	、	、
うなぎ	ウナギ	ウナギ
を	ヲ	オ
とっ	トッ	トッ
て	テ	テ
来	キ	キ
て	テ	テ
しまっ	シマッ	シマッ
た	タ	タ
。	。	。
EOS
だ	ダ	ダ
から	カラ	カラ
兵十	ヒョウジュウ	ヒョージュー
は	ハ	ワ
、	、	、
おっ	オッ	オッ
母	カア	カア
に	ニ	ニ
うなぎ	ウナギ	ウナギ
を	ヲ	オ
食べ	タベ	タベ
させる	サセル	サセル
こと	コト	コト
が	ガ	ガ
でき	デキ	デキ
なかっ	ナカッ	ナカッ
た	タ	タ
。	。	。
EOS
その	ソノ	ソノ
まま	ママ	ママ
おっ	オッ	オッ
母	カア	カア
は	ハ	ワ
、	、	、
死ん	シン	シン
じゃっ	ジャッ	ジャッ
た	タ	タ
に	ニ	ニ
ちがい	チガイ	チガイ
ない	ナイ	ナイ
。	。	。
EOS
ああ	アア	アー
、	、	、
うなぎ	ウナギ	ウナギ
が	ガ	ガ
食べ	タベ	タベ
たい	タイ	タイ
、	、	、
うなぎ	ウナギ	ウナギ
が	ガ	ガ
食べ	タベ	タベ
たい	タイ	タイ
と	ト	ト
おもい	オモイ	オモイ
ながら	ナガラ	ナガラ
、	、	、
死ん	シン	シン
だ	ダ	ダ
ん	ン	ン
だろう	ダロウ	ダロー
。	。	。
EOS
ちょッ	チョッ	チョッ
、	、	、
あんな	アンナ	アンナ
いたずら	イタズラ	イタズラ
を	ヲ	オ
し	シ	シ
なけりゃ	ナケリャ	ナケリャ
よかっ	ヨカッ	ヨカッ
た	タ	タ
。	。	。
EOS
」	」	」
EOS
兵十	ヒョウジュウ	ヒョージュー
が	ガ	ガ
、	、	、
赤い	アカイ	アカイ
井戸	イド	イド
の	ノ	ノ
ところ	トコロ	トコロ
で	デ	デ
、	、	、
麦	ムギ	ムギ
を	ヲ	オ
とい	トイ	トイ
で	デ	デ
い	イ	イ
まし	マシ	マシ
た	タ	タ
。	。	。
EOS
兵十	ヒョウジュウ	ヒョージュー
は	ハ	ワ
今	イマ	イマ
まで	マデ	マデ
、	、	、
おっ	オッ	オッ
母	カア	カア
と	ト	ト
二人	フタリ	フタリ
きり	キリ	キリ
で	デ	デ
、	、	、
貧しい	マズシイ	マズシー
くらし	クラシ	クラシ
を	ヲ	オ
し	シ	シ
て	テ	テ
い	イ	イ
た	タ	タ
もの	モノ	モノ
で	デ	デ
、	、	、
おっ	オッ	オッ
母	カア	カア
が	ガ	ガ
死ん	シン	シン
で	デ	デ
しまっ	シマッ	シマッ
て	テ	テ
は	ハ	ワ
、	、	、
もう	モウ	モー
一人ぼっち	ヒトリボッチ	ヒトリボッチ
でし	デシ	デシ
た	タ	タ
。	。	。
EOS
「	「	「
おれ	オレ	オレ
と	ト	ト
同じ	オナジ	オナジ
一人ぼっち	ヒトリボッチ	ヒトリボッチ
の	ノ	ノ
兵	ヘイ	ヘー
十	ジュウ	ジュー
か	カ	カ
」	」	」
EOS
こちら	コチラ	コチラ
の	ノ	ノ
物置	モノオキ	モノオキ
の	ノ	ノ
後	ウシロ	ウシロ
から	カラ	カラ
見	ミ	ミ
て	テ	テ
い	イ	イ
た	タ	タ
ごん	ゴン	ゴン
は	ハ	ワ
、	、	、
そう	ソウ	ソー
思い	オモイ	オモイ
まし	マシ	マシ
た	タ	タ
。	。	。
EOS
ごん	ゴン	ゴン
は	ハ	ワ
物置	モノオキ	モノオキ
の	ノ	ノ
そば	ソバ	ソバ
を	ヲ	オ
はなれ	ハナレ	ハナレ
て	テ	テ
、	、	、
向う	ムコウ	ムコー
へ	ヘ	エ
いき	イキ	イキ
かけ	カケ	カケ
ます	マス	マス
と	ト	ト
、	、	、
どこ	ドコ	ドコ
か	カ	カ
で	デ	デ
、	、	、
いわし	イワシ	イワシ
を	ヲ	オ
売る	ウル	ウル
声	コエ	コエ
が	ガ	ガ
し	シ	シ
ます	マス	マス
。	。	。
EOS
「	「	「
いわし	イワシ	イワシ
の	ノ	ノ
やす	ヤス	ヤス
うり	ウリ	ウリ
だ	ダ	ダ
ア	ア	ア
い	イ	イ
。	。	。
EOS
いき	イキ	イキ
の	ノ	ノ
いい	イイ	イー
いわし	イワシ	イワシ
だ	ダ	ダ
ア	ア	ア
い	イ	イ
」	」	」
EOS
ごん	ゴン	ゴン
は	ハ	ワ
、	、	、
その	ソノ	ソノ
、	、	、
いせい	イセイ	イセー
の	ノ	ノ
いい	イイ	イー
声	コエ	コエ
の	ノ	ノ
する	スル	スル
方	ホウ	ホー
へ	ヘ	エ
走っ	ハシッ	ハシッ
て	テ	テ
いき	イキ	イキ
まし	マシ	マシ
た	タ	タ
。	。	。
と	ト	ト
、	、	、
弥助	ヤスケ	ヤスケ
の	ノ	ノ
おかみ	オカミ	オカミ
さん	サン	サン
が	ガ	ガ
、	、	、
裏	ウラ	ウラ
戸口	トグチ	トグチ
から	カラ	カラ
、	、	、
EOS
「	「	「
いわし	イワシ	イワシ
を	ヲ	オ
お	オ	オ
くれ	クレ	クレ
。	。	。
EOS
」	」	」
と	ト	ト
言い	イイ	イー
まし	マシ	マシ
た	タ	タ
。	。	。
EOS
いわし	イワシ	イワシ
売	ウリ	ウリ
は	ハ	ワ
、	、	、
いわし	イワシ	イワシ
の	ノ	ノ
かご	カゴ	カゴ
を	ヲ	オ
つん	ツン	ツン
だ	ダ	ダ
車	クルマ	クルマ
を	ヲ	オ
、	、	、
道ばた	ミチバタ	ミチバタ
に	ニ	ニ
おい	オイ	オイ
て	テ	テ
、	、	、
ぴかぴか	ピカピカ	ピカピカ
光る	ヒカル	ヒカル
いわし	イワシ	イワシ
を	ヲ	オ
両手	リョウテ	リョーテ
で	デ	デ
つかん	ツカン	ツカン
で	デ	デ
、	、	、
弥助	ヤスケ	ヤスケ
の	ノ	ノ
家	イエ	イエ
の	ノ	ノ
中	ナカ	ナカ
へ	ヘ	エ
もっ	モッ	モッ
て	テ	テ
はいり	ハイリ	ハイリ
まし	マシ	マシ
た	タ	タ
。	。	。
EOS
ごん	ゴン	ゴン
は	ハ	ワ
その	ソノ	ソノ
すきま	スキマ	スキマ
に	ニ	ニ
、	、	、
かご	カゴ	カゴ
の	ノ	ノ
中	ナカ	ナカ
から	カラ	カラ
、	、	、
五、六	ゴロク	ゴロク
ぴき	ピキ	ピキ
の	ノ	ノ
いわし	イワシ	イワシ
を	ヲ	オ
つかみ出し	ツカミダシ	ツカミダシ
て	テ	テ
、	、	、
もと	モト	モト
来	キ	キ
た	タ	タ
方	ホウ	ホー
へ	ヘ	エ
かけだし	カケダシ	カケダシ
まし	マシ	マシ
た	タ	タ
。	。	。
EOS
そして	ソシテ	ソシテ
、	、	、
兵十	ヒョウジュウ	ヒョージュー
の	ノ	ノ
家	イエ	イエ
の	ノ	ノ
裏口	ウラグチ	ウラグチ
から	カラ	カラ
、	、	、
家	イエ	イエ
の	ノ	ノ
中	ナカ	ナカ
へ	ヘ	エ
いわし	イワシ	イワシ
を	ヲ	オ
投げこん	ナゲコン	ナゲコン
で	デ	デ
、	、	、
穴	アナ	アナ
へ	ヘ	エ
向っ	ムカッ	ムカッ
て	テ	テ
かけもどり	カケモドリ	カケモドリ
まし	マシ	マシ
た	タ	タ
。	。	。
EOS
途中	トチュウ	トチュー
の	ノ	ノ
坂	サカ	サカ
の	ノ	ノ
上	ウエ	ウエ
で	デ	デ
ふりかえっ	フリカエッ	フリカエッ
て	テ	テ
見	ミ	ミ
ます	マス	マス
と	ト	ト
、	、	、
兵十	ヒョウジュウ	ヒョージュー
が	ガ	ガ
まだ	マダ	マダ
、	、	、
井戸	イド	イド
の	ノ	ノ
ところ	トコロ	トコロ
で	デ	デ
麦	ムギ	ムギ
を	ヲ	オ
とい	トイ	トイ
で	デ	デ
いる	イル	イル
の	ノ	ノ
が	ガ	ガ
小さく	チイサク	チーサク
見え	ミエ	ミエ
まし	マシ	マシ
た	タ	タ
。	。	。
EOS
ごん	ゴン	ゴン
は	ハ	ワ
、	、	、
うなぎ	ウナギ	ウナギ
の	ノ	ノ
つぐない	ツグナイ	ツグナイ
に	ニ	ニ
、	、	、
まず	マズ	マズ
一	ヒト	ヒト
つ	ツ	ツ
、	、	、
いい	イイ	イー
こと	コト	コト
を	ヲ	オ
し	シ	シ
た	タ	タ
と	ト	ト
思い	オモイ	オモイ
まし	マシ	マシ
た	タ	タ
。	。	。
EOS
つぎ	ツギ	ツギ
の	ノ	ノ
日	ヒ	ヒ
に	ニ	ニ
は	ハ	ワ
、	、	、
ごん	ゴン	ゴン
は	ハ	ワ
山	ヤマ	ヤマ
で	デ	デ
栗	クリ	クリ
を	ヲ	オ
どっさり	ドッサリ	ドッサリ
ひろっ	ヒロッ	ヒロッ
て	テ	テ
、	、	、
それ	ソレ	ソレ
を	ヲ	オ
かかえ	カカエ	カカエ
て	テ	テ
、	、	、
兵十	ヒョウジュウ	ヒョージュー
の	ノ	ノ
家	イエ	イエ
へ	ヘ	エ
いき	イキ	イキ
まし	マシ	マシ
た	タ	タ
。	。	。
EOS
裏口	ウラグチ	ウラグチ
から	カラ	カラ
のぞい	ノゾイ	ノゾイ
て	テ	テ
見	ミ	ミ
ます	マス	マス
と	ト	ト
、	、	、
兵十	ヒョウジュウ	ヒョージュー
は	ハ	ワ
、	、	、
午飯	ヒルメシ	ヒルメシ
を	ヲ	オ
たべ	タベ	タベ
かけ	カケ	カケ
て	テ	テ
、	、	、
茶椀	チャワン	チャワン
を	ヲ	オ
もっ	モッ	モッ
た	タ	タ
まま	ママ	ママ
、	、	、
ぼんやり	ボンヤリ	ボンヤリ
と	ト	ト
考えこん	カンガエコン	カンガエコン
で	デ	デ
い	イ	イ
まし	マシ	マシ
た	タ	タ
。	。	。
EOS
へん	ヘン	ヘン
な	ナ	ナ
こと	コト	コト
に	ニ	ニ
は	ハ	ワ
兵十	ヒョウジュウ	ヒョージュー
の	ノ	ノ
頬ぺた	ホッペタ	ホッペタ
に	ニ	ニ
、	、	、
かすり傷	カスリキズ	カスリキズ
が	ガ	ガ
つい	ツイ	ツイ
て	テ	テ
い	イ	イ
ます	マス	マス
。	。	。
EOS
どう	ドウ	ドー
し	シ	シ
た	タ	タ
ん	ン	ン
だろう	ダロウ	ダロー
と	ト	ト
、	、	、
ごん	ゴン	ゴン
が	ガ	ガ
思っ	オモッ	オモッ
て	テ	テ
い	イ	イ
ます	マス	マス
と	ト	ト
、	、	、
兵十	ヒョウジュウ	ヒョージュー
が	ガ	ガ
ひとりごと	ヒトリゴト	ヒトリゴト
を	ヲ	オ
いい	イイ	イー
まし	マシ	マシ
た	タ	タ
。	。	。
EOS
「	「	「
一たい	イッタイ	イッタイ
だれ	ダレ	ダレ
が	ガ	ガ
、	、	、
いわし	イワシ	イワシ
なんか	ナンカ	ナンカ
を	ヲ	オ
おれ	オレ	オレ
の	ノ	ノ
家	イエ	イエ
へ	ヘ	エ
ほうりこん	ホウリコン	ホーリコン
で	デ	デ
いっ	イッ	イッ
た	タ	タ
ん	ン	ン
だろう	ダロウ	ダロー
。	。	。
EOS
おかげ	オカゲ	オカゲ
で	デ	デ
おれ	オレ	オレ
は	ハ	ワ
、	、	、
盗人	ヌスビト	ヌスビト
と	ト	ト
思わ	オモワ	オモワ
れ	レ	レ
て	テ	テ
、	、	、
いわし屋	イワシヤ	イワシヤ
の	ノ	ノ
やつ	ヤツ	ヤツ
に	ニ	ニ
、	、	、
ひどい	ヒドイ	ヒドイ
目	メ	メ
に	ニ	ニ
あわさ	アワサ	アワサ
れ	レ	レ
た	タ	タ
」	」	」
と	ト	ト
、	、	、
ぶつぶつ	ブツブツ	ブツブツ
言っ	イッ	イッ
て	テ	テ
い	イ	イ
ます	マス	マス
。	。	。
EOS
ごん	ゴン	ゴン
は	ハ	ワ
、	、	、
これ	コレ	コレ
は	ハ	ワ
しまっ	シマッ	シマッ
た	タ	タ
と	ト	ト
思い	オモイ	オモイ
まし	マシ	マシ
た	タ	タ
。	。	。
EOS
かわいそう	カワイソウ	カワイソー
に	ニ	ニ
兵十	ヒョウジュウ	ヒョージュー
は	ハ	ワ
、	、	、
いわし屋	イワシヤ	イワシヤ
に	ニ	ニ
ぶんなぐら	ブンナグラ	ブンナグラ
れ	レ	レ
て	テ	テ
、	、	、
あんな	アンナ	アンナ
傷	キズ	キズ
まで	マデ	マデ
つけ	ツケ	ツケ
られ	ラレ	ラレ
た	タ	タ
の	ノ	ノ
か	カ	カ
。	。	。
EOS
ごん	ゴン	ゴン
は	ハ	ワ
こう	コウ	コー
おもい	オモイ	オモイ
ながら	ナガラ	ナガラ
、	、	、
そっと	ソット	ソット
物置	モノオキ	モノオキ
の	ノ	ノ
方	ホウ	ホー
へ	ヘ	エ
まわっ	マワッ	マワッ
て	テ	テ
その	ソノ	ソノ
入口	イリグチ	イリグチ
に	ニ	ニ
、	、	、
栗	クリ	クリ
を	ヲ	オ
おい	オイ	オイ
て	テ	テ
かえり	カエリ	カエリ
まし	マシ	マシ
た	タ	タ
。	。	。
EOS
つぎ	ツギ	ツギ
の	ノ	ノ
日	ヒ	ヒ
も	モ	モ
、	、	、
その	ソノ	ソノ
つぎ	ツギ	ツギ
の	ノ	ノ
日	ヒ	ヒ
も	モ	モ
ごん	ゴン	ゴン
は	ハ	ワ
、	、	、
栗	クリ	クリ
を	ヲ	オ
ひろっ	ヒロッ	ヒロッ
て	テ	テ
は	ハ	ワ
、	、	、
兵十	ヒョウジュウ	ヒョージュー
の	ノ	ノ
家	イエ	イエ
へ	ヘ	エ
もっ	モッ	モッ
て	テ	テ
来	キ	キ
て	テ	テ
やり	ヤリ	ヤリ
まし	マシ	マシ
た	タ	タ
。	。	。
EOS
その	ソノ	ソノ
つぎ	ツギ	ツギ
の	ノ	ノ
日	ヒ	ヒ
に	ニ	ニ
は	ハ	ワ
、	、	、
栗	クリ	クリ
ばかり	バカリ	バカリ
で	デ	デ
なく	ナク	ナク
、	、	、
まつたけ	マツタケ	マツタケ
も	モ	モ
二、三	ニサン	ニサン
ぼん	ボン	ボン
もっ	モッ	モッ
て	テ	テ
いき	イキ	イキ
まし	マシ	マシ
た	タ	タ
。	。	。
EOS
月	ツキ	ツキ
の	ノ	ノ
いい	イイ	イー
晩	バン	バン
でし	デシ	デシ
た	タ	タ
。	。	。
EOS
ごん	ゴン	ゴン
は	ハ	ワ
、	、	、
ぶらぶら	ブラブラ	ブラブラ
あそび	アソビ	アソビ
に	ニ	ニ
出かけ	デカケ	デカケ
まし	マシ	マシ
た	タ	タ
。	。	。
EOS
中山	ナカヤマ	ナカヤマ
さま	サマ	サマ
の	ノ	ノ
お	オ	オ
城	シロ	シロ
の	ノ	ノ
下	シタ	シタ
を	ヲ	オ
通っ	トオッ	トーッ
て	テ	テ
すこし	スコシ	スコシ
いく	イク	イク
と	ト	ト
、	、	、
細い	ホソイ	ホソイ
道	ミチ	ミチ
の	ノ	ノ
向う	ムコウ	ムコー
から	カラ	カラ
、	、	、
だれ	ダレ	ダレ
か	カ	カ
来る	クル	クル
よう	ヨウ	ヨー
です	デス	デス
。	。	。
EOS
話声	ハナシゴエ	ハナシゴエ
が	ガ	ガ
聞え	キコエ	キコエ
ます	マス	マス
。	。	。
EOS
チンチロリン	チンチロリン	チンチロリン
、	、	、
チンチロリン	チンチロリン	チンチロリン
と	ト	ト
松虫	マツムシ	マツムシ
が	ガ	ガ
鳴い	ナイ	ナイ
て	テ	テ
い	イ	イ
ます	マス	マス
。	。	。
EOS
ごん	ゴン	ゴン
は	ハ	ワ
、	、	、
道	ミチ	ミチ
の	ノ	ノ
片	カタ	カタ
がわ	ガワ	ガワ
に	ニ	ニ
かくれ	カクレ	カクレ
て	テ	テ
、	、	、
じっと	ジット	ジット
し	シ	シ
て	テ	テ
い	イ	イ
まし	マシ	マシ
た	タ	タ
。	。	。
EOS
話声	ハナシゴエ	ハナシゴエ
は	ハ	ワ
だんだん	ダンダン	ダンダン
近く	チカク	チカク
なり	ナリ	ナリ
まし	マシ	マシ
た	タ	タ
。	。	。
EOS
それ	ソレ	ソレ
は	ハ	ワ
、	、	、
兵十	ヒョウジュウ	ヒョージュー
と	ト	ト
加助	カスケ	カスケ
と	ト	ト
いう	イウ	イウ
お	オ	オ
百姓	ヒャクショウ	ヒャクショー
でし	デシ	デシ
た	タ	タ
。	。	。
EOS
「	「	「
そうそう	ソウソウ	ソーソー
、	、	、
なあ	ナア	ナー
加助	カスケ	カスケ
」	」	」
と	ト	ト
、	、	、
兵十	ヒョウジュウ	ヒョージュー
が	ガ	ガ
いい	イイ	イー
まし	マシ	マシ
た	タ	タ
。	。	。
EOS
「	「	「
ああん	アアン	アーン
？	？	？
EOS
」	」	」
EOS
「	「	「
おれあ	オリャ	オリャ
、	、	、
このごろ	コノゴロ	コノゴロ
、	、	、
とても	トテモ	トテモ
ふしぎ	フシギ	フシギ
な	ナ	ナ
こと	コト	コト
が	ガ	ガ
ある	アル	アル
ん	ン	ン
だ	ダ	ダ
」	」	」
EOS
「	「	「
何	ナニ	ナニ
が	ガ	ガ
？	？	？
EOS
」	」	」
EOS
「	「	「
おっ	オッ	オッ
母	カア	カア
が	ガ	ガ
死ん	シン	シン
で	デ	デ
から	カラ	カラ
は	ハ	ワ
、	、	、
だれ	ダレ	ダレ
だ	ダ	ダ
か	カ	カ
知ら	シラ	シラ
ん	ン	ン
が	ガ	ガ
、	、	、
おれ	オレ	オレ
に	ニ	ニ
栗	クリ	クリ
や	ヤ	ヤ
まつたけ	マツタケ	マツタケ
なんか	ナンカ	ナンカ
を	ヲ	オ
、	、	、
まいにち	マイニチ	マイニチ
まいにち	マイニチ	マイニチ
くれる	クレル	クレル
ん	ン	ン
だ	ダ	ダ
よ	ヨ	ヨ
」	」	」
EOS
「	「	「
ふうん	フウン	フーン
、	、	、
だれ	ダレ	ダレ
が	ガ	ガ
？	？	？
EOS
」	」	」
EOS
「	「	「
それ	ソレ	ソレ
が	ガ	ガ
わから	ワカラ	ワカラ
ん	ン	ン
の	ノ	ノ
だ	ダ	ダ
よ	ヨ	ヨ
。	。	。
EOS
おれ	オレ	オレ
の	ノ	ノ
知ら	シラ	シラ
ん	ン	ン
うち	ウチ	ウチ
に	ニ	ニ
、	、	、
おい	オイ	オイ
て	テ	テ
いく	イク	イク
ん	ン	ン
だ	ダ	ダ
」	」	」
EOS
ごん	ゴン	ゴン
は	ハ	ワ
、	、	、
ふたり	フタリ	フタリ
の	ノ	ノ
あと	アト	アト
を	ヲ	オ
つけ	ツケ	ツケ
て	テ	テ
いき	イキ	イキ
まし	マシ	マシ
た	タ	タ
。	。	。
EOS
「	「	「
ほんと	ホント	ホント
か	カ	カ
い	イ	イ
？	？	？
EOS
」	」	」
EOS
「	「	「
ほんと	ホント	ホント
だ	ダ	ダ
と	ト	ト
も	モ	モ
。	。	。
EOS
うそ	ウソ	ウソ
と	ト	ト
思う	オモウ	オモウ
なら	ナラ	ナラ
、	、	、
あした	アシタ	アシタ
見	ミ	ミ
に	ニ	ニ
来い	コイ	コイ
よ	ヨ	ヨ
。	。	。
EOS
その	ソノ	ソノ
栗	クリ	クリ
を	ヲ	オ
見せ	ミセ	ミセ
て	テ	テ
やる	ヤル	ヤル
よ	ヨ	ヨ
」	」	」
EOS
「	「	「
へえ	ヘエ	ヘー
、	、	、
へん	ヘン	ヘン
な	ナ	ナ
こと	コト	コト
も	モ	モ
ある	アル	アル
もん	モン	モン
だ	ダ	ダ
なア	ナア	ナー
」	」	」
EOS
それ	ソレ	ソレ
なり	ナリ	ナリ
、	、	、
二人	フタリ	フタリ
は	ハ	ワ
だまっ	ダマッ	ダマッ
て	テ	テ
歩い	アルイ	アルイ
て	テ	テ
いき	イキ	イキ
まし	マシ	マシ
た	タ	タ
。	。	。
EOS
加助	カスケ	カスケ
が	ガ	ガ
ひょい	ヒョイ	ヒョイ
と	ト	ト
、	、	、
後	アト	アト
を	ヲ	オ
見	ミ	ミ
まし	マシ	マシ
た	タ	タ
。	。	。
EOS
ごん	ゴン	ゴン
は	ハ	ワ
びくっ	ビクッ	ビクッ
と	ト	ト
し	シ	シ
て	テ	テ
、	、	、
小さく	チイサク	チーサク
なっ	ナッ	ナッ
て	テ	テ
たちどまり	タチドマリ	タチドマリ
まし	マシ	マシ
た	タ	タ
。	。	。
EOS
加助	カスケ	カスケ
は	ハ	ワ
、	、	、
ごん	ゴン	ゴン
に	ニ	ニ
は	ハ	ワ
気	キ	キ
が	ガ	ガ
つか	ツカ	ツカ
ない	ナイ	ナイ
で	デ	デ
、	、	、
その	ソノ	ソノ
まま	ママ	ママ
さっさと	サッサト	サッサト
あるき	アルキ	アルキ
まし	マシ	マシ
た	タ	タ
。	。	。
EOS
吉兵衛	キチベエ	キチベー
と	ト	ト
いう	イウ	イウ
お	オ	オ
百姓	ヒャクショウ	ヒャクショー
の	ノ	ノ
家	イエ	イエ
まで	マデ	マデ
来る	クル	クル
と	ト	ト
、	、	、
二人	フタリ	フタリ
は	ハ	ワ
そこ	ソコ	ソコ
へ	ヘ	エ
はいっ	ハイッ	ハイッ
て	テ	テ
いき	イキ	イキ
まし	マシ	マシ
た	タ	タ
。	。	。
EOS
ポンポン	ポンポン	ポンポン
ポンポン	ポンポン	ポンポン
と	ト	ト
木魚	モクギョ	モクギョ
の	ノ	ノ
音	オト	オト
が	ガ	ガ
し	シ	シ
て	テ	テ
い	イ	イ
ます	マス	マス
。	。	。
EOS
窓	マド	マド
の	ノ	ノ
障子	ショウジ	ショージ
に	ニ	ニ
あかり	アカリ	アカリ
が	ガ	ガ
さし	サシ	サシ
て	テ	テ
い	イ	イ
て	テ	テ
、	、	、
大きな	オオキナ	オーキナ
坊主	ボウズ	ボーズ
頭	アタマ	アタマ
が	ガ	ガ
うつっ	ウツッ	ウツッ
て	テ	テ
動い	ウゴイ	ウゴイ
て	テ	テ
い	イ	イ
まし	マシ	マシ
た	タ	タ
。	。	。
EOS
ごん	ゴン	ゴン
は	ハ	ワ
、	、	、
EOS
「	「	「
お	オ	オ
ねんぶつ	ネンブツ	ネンブツ
が	ガ	ガ
ある	アル	アル
ん	ン	ン
だ	ダ	ダ
な	ナ	ナ
」	」	」
と	ト	ト
思い	オモイ	オモイ
ながら	ナガラ	ナガラ
井戸	イド	イド
の	ノ	ノ
そば	ソバ	ソバ
に	ニ	ニ
しゃがん	シャガン	シャガン
で	デ	デ
い	イ	イ
まし	マシ	マシ
た	タ	タ
。	。	。
EOS
しばらく	シバラク	シバラク
する	スル	スル
と	ト	ト
、	、	、
また	マタ	マタ
三	サン	サン
人	ニン	ニン
ほど	ホド	ホド
、	、	、
人	ヒト	ヒト
が	ガ	ガ
つれだっ	ツレダッ	ツレダッ
て	テ	テ
吉兵衛	キチベエ	キチベー
の	ノ	ノ
家	イエ	イエ
へ	ヘ	エ
はいっ	ハイッ	ハイッ
て	テ	テ
いき	イキ	イキ
まし	マシ	マシ
た	タ	タ
。	。	。
EOS
お	オ	オ
経	キョウ	キョー
を	ヲ	オ
読む	ヨム	ヨム
声	コエ	コエ
が	ガ	ガ
きこえ	キコエ	キコエ
て	テ	テ
来	キ	キ
まし	マシ	マシ
た	タ	タ
。	。	。
EOS
ごん	ゴン	ゴン
は	ハ	ワ
、	、	、
お	オ	オ
ねんぶつ	ネンブツ	ネンブツ
が	ガ	ガ
すむ	スム	スム
まで	マデ	マデ
、	、	、
井戸	イド	イド
の	ノ	ノ
そば	ソバ	ソバ
に	ニ	ニ
しゃがん	シャガン	シャガン
で	デ	デ
い	イ	イ
まし	マシ	マシ
た	タ	タ
。	。	。
EOS
兵十	ヒョウジュウ	ヒョージュー
と	ト	ト
加助	カスケ	カスケ
は	ハ	ワ
、	、	、
また	マタ	マタ
一しょ	イッショ	イッショ
に	ニ	ニ
かえっ	カエッ	カエッ
て	テ	テ
いき	イキ	イキ
ます	マス	マス
。	。	。
EOS
ごん	ゴン	ゴン
は	ハ	ワ
、	、	、
二人	フタリ	フタリ
の	ノ	ノ
話	ハナシ	ハナシ
を	ヲ	オ
きこう	キコウ	キコー
と	ト	ト
思っ	オモッ	オモッ
て	テ	テ
、	、	、
つい	ツイ	ツイ
て	テ	テ
いき	イキ	イキ
まし	マシ	マシ
た	タ	タ
。	。	。
EOS
兵十	ヒョウジュウ	ヒョージュー
の	ノ	ノ
影	カゲ	カゲ
法師	ボウシ	ボーシ
を	ヲ	オ
ふみ	フミ	フミ
ふみ	フミ	フミ
いき	イキ	イキ
まし	マシ	マシ
た	タ	タ
。	。	。
EOS
お	オ	オ
城	シロ	シロ
の	ノ	ノ
前	マエ	マエ
まで	マデ	マデ
来	キ	キ
た	タ	タ
とき	トキ	トキ
、	、	、
加助	カスケ	カスケ
が	ガ	ガ
言い	イイ	イー
出し	ダシ	ダシ
まし	マシ	マシ
た	タ	タ
。	。	。
EOS
「	「	「
さっき	サッキ	サッキ
の	ノ	ノ
話	ハナシ	ハナシ
は	ハ	ワ
、	、	、
きっと	キット	キット
、	、	、
そりゃあ	ソリャア	ソリャー
、	、	、
神	カミ	カミ
さま	サマ	サマ
の	ノ	ノ
しわざ	シワザ	シワザ
だ	ダ	ダ
ぞ	ゾ	ゾ
」	」	」
EOS
「	「	「
えっ	エッ	エッ
？	？	？
EOS
」	」	」
と	ト	ト
、	、	、
兵十	ヒョウジュウ	ヒョージュー
は	ハ	ワ
びっくり	ビックリ	ビックリ
し	シ	シ
て	テ	テ
、	、	、
加助	カスケ	カスケ
の	ノ	ノ
顔	カオ	カオ
を	ヲ	オ
見	ミ	ミ
まし	マシ	マシ
た	タ	タ
。	。	。
EOS
「	「	「
おれ	オレ	オレ
は	ハ	ワ
、	、	、
あれ	アレ	アレ
から	カラ	カラ
ずっと	ズット	ズット
考え	カンガエ	カンガエ
て	テ	テ
い	イ	イ
た	タ	タ
が	ガ	ガ
、	、	、
どう	ドウ	ドー
も	モ	モ
、	、	、
そりゃ	ソリャ	ソリャ
、	、	、
人間	ニンゲン	ニンゲン
じゃ	ジャ	ジャ
ない	ナイ	ナイ
、	、	、
神	カミ	カミ
さま	サマ	サマ
だ	ダ	ダ
、	、	、
神	カミ	カミ
さま	サマ	サマ
が	ガ	ガ
、	、	、
お前	オマエ	オマエ
が	ガ	ガ
たった	タッタ	タッタ
一人	ヒトリ	ヒトリ
に	ニ	ニ
なっ	ナッ	ナッ
た	タ	タ
の	ノ	ノ
を	ヲ	オ
あわれ	アワレ	アワレ
に	ニ	ニ
思わ	オモワ	オモワ
っしゃっ	ッシャッ	ッシャッ
て	テ	テ
、	、	、
いろんな	イロンナ	イロンナ
もの	モノ	モノ
を	ヲ	オ
めぐん	メグン	メグン
で	デ	デ
下さる	クダサル	クダサル
ん	ン	ン
だ	ダ	ダ
よ	ヨ	ヨ
」	」	」
EOS
「	「	「
そう	ソウ	ソー
か	カ	カ
なあ	ナア	ナー
」	」	」
EOS
「	「	「
そう	ソウ	ソー
だ	ダ	ダ
と	ト	ト
も	モ	モ
。	。	。
EOS
だ	ダ	ダ
から	カラ	カラ
、	、	、
まいにち	マイニチ	マイニチ
神	カミ	カミ
さま	サマ	サマ
に	ニ	ニ
お	オ	オ
礼	レイ	レー
を	ヲ	オ
言う	ユウ	ユー
が	ガ	ガ
いい	イイ	イー
よ	ヨ	ヨ
」	」	」
EOS
「	「	「
うん	ウン	ウン
」	」	」
EOS
ごん	ゴン	ゴン
は	ハ	ワ
、	、	、
へえ	ヘエ	ヘー
、	、	、
こいつ	コイツ	コイツ
は	ハ	ワ
つまら	ツマラ	ツマラ
ない	ナイ	ナイ
な	ナ	ナ
と	ト	ト
思い	オモイ	オモイ
まし	マシ	マシ
た	タ	タ
。	。	。
EOS
おれ	オレ	オレ
が	ガ	ガ
、	、	、
栗	クリ	クリ
や	ヤ	ヤ
松たけ	マツタケ	マツタケ
を	ヲ	オ
持っ	モッ	モッ
て	テ	テ
いっ	イッ	イッ
て	テ	テ
やる	ヤル	ヤル
の	ノ	ノ
に	ニ	ニ
、	、	、
その	ソノ	ソノ
おれ	オレ	オレ
に	ニ	ニ
は	ハ	ワ
お	オ	オ
礼	レイ	レー
を	ヲ	オ
いわ	イワ	イワ
ない	ナイ	ナイ
で	デ	デ
、	、	、
神	カミ	カミ
さま	サマ	サマ
に	ニ	ニ
お	オ	オ
礼	レイ	レー
を	ヲ	オ
いう	ユウ	ユー
ん	ン	ン
じゃア	ジャア	ジャー
、	、	、
おれ	オレ	オレ
は	ハ	ワ
、	、	、
引き合わ	ヒキアワ	ヒキアワ
ない	ナイ	ナイ
なあ	ナア	ナー
。	。	。
EOS
その	ソノ	ソノ
あくる日	アクルヒ	アクルヒ
も	モ	モ
ごん	ゴン	ゴン
は	ハ	ワ
、	、	、
栗	クリ	クリ
を	ヲ	オ
もっ	モッ	モッ
て	テ	テ
、	、	、
兵十	ヒョウジュウ	ヒョージュー
の	ノ	ノ
家	イエ	イエ
へ	ヘ	エ
出かけ	デカケ	デカケ
まし	マシ	マシ
た	タ	タ
。	。	。
EOS
兵十	ヒョウジュウ	ヒョージュー
は	ハ	ワ
物置	モノオキ	モノオキ
で	デ	デ
縄	ナワ	ナワ
を	ヲ	オ
なっ	ナッ	ナッ
て	テ	テ
い	イ	イ
まし	マシ	マシ
た	タ	タ
。	。	。
EOS
それ	ソレ	ソレ
で	デ	デ
ごん	ゴン	ゴン
は	ハ	ワ
家	イエ	イエ
の	ノ	ノ
裏口	ウラグチ	ウラグチ
から	カラ	カラ
、	、	、
こっそり	コッソリ	コッソリ
中	ナカ	ナカ
へ	ヘ	エ
はいり	ハイリ	ハイリ
まし	マシ	マシ
た	タ	タ
。	。	。
EOS
その	ソノ	ソノ
とき	トキ	トキ
兵十	ヒョウジュウ	ヒョージュー
は	ハ	ワ
、	、	、
ふと	フト	フト
顔	カオ	カオ
を	ヲ	オ
あげ	アゲ	アゲ
まし	マシ	マシ
た	タ	タ
。	。	。
と	ト	ト
狐	キツネ	キツネ
が	ガ	ガ
家	イエ	イエ
の	ノ	ノ
中	ナカ	ナカ
へ	ヘ	エ
はいっ	ハイッ	ハイッ
た	タ	タ
で	デ	デ
は	ハ	ワ
あり	アリ	アリ
ませ	マセ	マセ
ん	ン	ン
か	カ	カ
。	。	。
EOS
こないだ	コナイダ	コナイダ
うなぎ	ウナギ	ウナギ
を	ヲ	オ
ぬすみ	ヌスミ	ヌスミ
やがっ	ヤガッ	ヤガッ
た	タ	タ
あの	アノ	アノ
ごん	ゴン	ゴン
狐	ギツネ	ギツネ
め	メ	メ
が	ガ	ガ
、	、	、
また	マタ	マタ
いたずら	イタズラ	イタズラ
を	ヲ	オ
し	シ	シ
に	ニ	ニ
来	キ	キ
た	タ	タ
な	ナ	ナ
。	。	。
EOS
「	「	「
ようし	ヨウシ	ヨーシ
。	。	。
EOS
」	」	」
EOS
兵十	ヒョウジュウ	ヒョージュー
は	ハ	ワ
立ちあがっ	タチアガッ	タチアガッ
て	テ	テ
、	、	、
納屋	ナヤ	ナヤ
に	ニ	ニ
かけ	カケ	カケ
て	テ	テ
ある	アル	アル
火縄	ヒナワ	ヒナワ
銃	ジュウ	ジュー
を	ヲ	オ
とっ	トッ	トッ
て	テ	テ
、	、	、
火薬	カヤク	カヤク
を	ヲ	オ
つめ	ツメ	ツメ
まし	マシ	マシ
た	タ	タ
。	。	。
EOS
そして	ソシテ	ソシテ
足音	アシオト	アシオト
を	ヲ	オ
しのば	シノバ	シノバ
せ	セ	セ
て	テ	テ
ちかよっ	チカヨッ	チカヨッ
て	テ	テ
、	、	、
今	イマ	イマ
戸口	トグチ	トグチ
を	ヲ	オ
出よう	デヨウ	デヨー
と	ト	ト
する	スル	スル
ごん	ゴン	ゴン
を	ヲ	オ
、	、	、
ドン	ドン	ドン
と	ト	ト
、	、	、
うち	ウチ	ウチ
まし	マシ	マシ
た	タ	タ
。	。	。
EOS
ごん	ゴン	ゴン
は	ハ	ワ
、	、	、
ばたり	バタリ	バタリ
と	ト	ト
たおれ	タオレ	タオレ
まし	マシ	マシ
た	タ	タ
。	。	。
EOS
兵十	ヒョウジュウ	ヒョージュー
は	ハ	ワ
かけよっ	カケヨッ	カケヨッ
て	テ	テ
来	キ	キ
まし	マシ	マシ
た	タ	タ
。	。	。
EOS
家	イエ	イエ
の	ノ	ノ
中	ナカ	ナカ
を	ヲ	オ
見る	ミル	ミル
と	ト	ト
、	、	、
土間	ドマ	ドマ
に	ニ	ニ
栗	クリ	クリ
が	ガ	ガ
、	、	、
かため	カタメ	カタメ
て	テ	テ
おい	オイ	オイ
て	テ	テ
ある	アル	アル
の	ノ	ノ
が	ガ	ガ
目	メ	メ
に	ニ	ニ
つき	ツキ	ツキ
まし	マシ	マシ
た	タ	タ
。	。	。
EOS
「	「	「
おや	オヤ	オヤ
」	」	」
と	ト	ト
兵十	ヒョウジュウ	ヒョージュー
は	ハ	ワ
、	、	、
びっくり	ビックリ	ビックリ
し	シ	シ
て	テ	テ
ごん	ゴン	ゴン
に	ニ	ニ
目	メ	メ
を	ヲ	オ
落し	オトシ	オトシ
まし	マシ	マシ
た	タ	タ
。	。	。
EOS
「	「	「
ごん	ゴン	ゴン
、	、	、
お前	オマエ	オマエ
だっ	ダッ	ダッ
た	タ	タ
の	ノ	ノ
か	カ	カ
。	。	。
EOS
いつ	イツ	イツ
も	モ	モ
栗	クリ	クリ
を	ヲ	オ
くれ	クレ	クレ
た	タ	タ
の	ノ	ノ
は	ハ	ワ
」	」	」
EOS
ごん	ゴン	ゴン
は	ハ	ワ
、	、	、
ぐったり	グッタリ	グッタリ
と	ト	ト
目	メ	メ
を	ヲ	オ
つぶっ	ツブッ	ツブッ
た	タ	タ
まま	ママ	ママ
、	、	、
うなずき	ウナズキ	ウナズキ
まし	マシ	マシ
た	タ	タ
。	。	。
EOS
兵十	ヒョウジュウ	ヒョージュー
は	ハ	ワ
火縄	ヒナワ	ヒナワ
銃	ジュウ	ジュー
を	ヲ	オ
ばたり	バタリ	バタリ
と	ト	ト
、	、	、
とり落し	トリオトシ	トリオトシ
まし	マシ	マシ
た	タ	タ
。	。	。
EOS
青い	アオイ	アオイ
煙	ケムリ	ケムリ
が	ガ	ガ
、	、	、
まだ	マダ	マダ
筒口	ツツグチ	ツツグチ
から	カラ	カラ
細く	ホソク	ホソク
出	デ	デ
て	テ	テ
い	イ	イ
まし	マシ	マシ
た	タ	タ
。	。	。
EOS
