J	ジェー	ジェー
-		
WAVE	ウエーブ	ウエーブ
360	スリーシックスティー	スリーシックスティー
Forum	フォーラム	フォーラム
~		
Seek	シーク	シーク
and	アンド	アンド
Find	ファインド	ファインド
~		
。	。	。
EOS
8	ハチ	ハチ
月	ガツ	ガツ
の	ノ	ノ
テーマ	テーマ	テーマ
は	ハ	ワ
フリー	フリー	フリー
カルチャー	カルチャー	カルチャー
。	。	。
EOS
英語	エイゴ	エーゴ
の	ノ	ノ
F	エフ	エフ
・	・	・
R	アール	アール
・	・	・
E	イー	イー
・	・	・
E	イー	イー
、	、	、
「	「	「
フリー	フリー	フリー
」	」	」
に	ニ	ニ
は	ハ	ワ
幅広い	ハバヒロイ	ハバヒロイ
意味	イミ	イミ
が	ガ	ガ
あり	アリ	アリ
ます	マス	マス
。	。	。
EOS
It	イット	イット
'	'	'
s	エス	エス
f	エフ	エフ
r	アール	アール
e	イー	イー
e	イー	イー
.	.	.
と	ト	ト
言わ	イワ	イワ
れれ	レレ	レレ
ば	バ	バ
、	、	、
それ	ソレ	ソレ
は	ハ	ワ
無料	ムリョウ	ムリョー
です	デス	デス
よ	ヨ	ヨ
と	ト	ト
いう	ユウ	ユー
意味	イミ	イミ
です	デス	デス
が	ガ	ガ
、	、	、
Smoke	スモーク	スモーク
free	フリー	フリー
は	ハ	ワ
無煙	ムエン	ムエン
、	、	、
煙	ケムリ	ケムリ
が	ガ	ガ
ない	ナイ	ナイ
と	ト	ト
いう	ユウ	ユー
意味	イミ	イミ
。	。	。
EOS
無料	ムリョウ	ムリョー
で	デ	デ
タバコ	タバコ	タバコ
が	ガ	ガ
吸え	スエ	スエ
ます	マス	マス
と	ト	ト
いう	ユウ	ユー
意味	イミ	イミ
じゃ	ジャ	ジャ
ない	ナイ	ナイ
です	デス	デス
よ	ヨ	ヨ
、	、	、
これ	コレ	コレ
。	。	。
EOS
Free	フリー	フリー
alcohol	アルコホール	アルコホール
と	ト	ト
入り口	イリグチ	イリグチ
に	ニ	ニ
書い	カイ	カイ
て	テ	テ
あっ	アッ	アッ
たら	タラ	タラ
それ	ソレ	ソレ
は	ハ	ワ
「	「	「
今夜	コンヤ	コンヤ
お	オ	オ
酒	サケ	サケ
は	ハ	ワ
無料	ムリョウ	ムリョー
です	デス	デス
」	」	」
。	。	。
EOS
で	デ	デ
も	モ	モ
、	、	、
alcohol	アルコホール	アルコホール
free	フリー	フリー
なら	ナラ	ナラ
アルコール	アルコール	アルコール
ゼロ	ゼロ	ゼロ
と	ト	ト
か	カ	カ
アルコール	アルコール	アルコール
は	ハ	ワ
出し	ダシ	ダシ
ませ	マセ	マセ
ん	ン	ン
と	ト	ト
いう	ユウ	ユー
意味	イミ	イミ
に	ニ	ニ
なり	ナリ	ナリ
ます	マス	マス
。	。	。
EOS
で	デ	デ
は	ハ	ワ
Free	フリー	フリー
culture	カルチャー	カルチャー
、	、	、
フリー	フリー	フリー
カルチャー	カルチャー	カルチャー
と	ト	ト
は	ハ	ワ
。	。	。
EOS
先日	センジツ	センジツ
フィルム	フィルム	フィルム
アート	アート	アート
社	シャ	シャ
から	カラ	カラ
「	「	「
フリー	フリー	フリー
カルチャー	カルチャー	カルチャー
を	ヲ	オ
つくる	ツクル	ツクル
ため	タメ	タメ
の	ノ	ノ
ガイドブック	ガイドブック	ガイドブック
」	」	」
と	ト	ト
いう	ユウ	ユー
本	ホン	ホン
を	ヲ	オ
出版	シュッパン	シュッパン
さ	サ	サ
れ	レ	レ
た	タ	タ
NPO	エヌピーオー	エヌピーオー
法人	ホウジン	ホージン
クリエイティブ	クリエイティブ	クリエーティブ
・	・	・
コモンズ	コモンズ	コモンズ
・	・	・
ジャパン	ジャパン	ジャパン
理事	リジ	リジ
ドミニク	ドミニク	ドミニク
・	・	・
チェン	チェン	チェン
さん	サン	サン
に	ニ	ニ
お	オ	オ
聞き	キキ	キキ
まし	マシ	マシ
た	タ	タ
。	。	。
EOS
ドミニク	ドミニク	ドミニク
さん	サン	サン
、	、	、
フリー	フリー	フリー
カルチャー	カルチャー	カルチャー
って	ッテ	ッテ
何	ナン	ナン
でしょう	デショウ	デショー
か	カ	カ
?	?	?
フリー	フリー	フリー
カルチャー	カルチャー	カルチャー
って	ッテ	ッテ
の	ノ	ノ
は	ハ	ワ
、	、	、
直訳	チョクヤク	チョクヤク
する	スル	スル
と	ト	ト
です	デス	デス
ね	ネ	ネ
「	「	「
自由	ジユウ	ジユー
な	ナ	ナ
文化	ブンカ	ブンカ
」	」	」
って	ッテ	ッテ
いう	ユウ	ユー
意味	イミ	イミ
に	ニ	ニ
なり	ナリ	ナリ
ます	マス	マス
。	。	。
EOS
で	デ	デ
、	、	、
よく	ヨク	ヨク
ある	アル	アル
誤解	ゴカイ	ゴカイ
と	ト	ト
し	シ	シ
て	テ	テ
は	ハ	ワ
英語	エイゴ	エーゴ
で	デ	デ
フリー	フリー	フリー
って	ッテ	ッテ
言っ	イッ	イッ
た	タ	タ
時	トキ	トキ
に	ニ	ニ
「	「	「
無料	ムリョウ	ムリョー
」	」	」
って	ッテ	ッテ
いう	ユウ	ユー
こと	コト	コト
意味	イミ	イミ
する	スル	スル
「	「	「
フリー	フリー	フリー
」	」	」
と	ト	ト
「	「	「
自由	ジユウ	ジユー
」	」	」
って	ッテ	ッテ
こと	コト	コト
意味	イミ	イミ
する	スル	スル
「	「	「
フリー	フリー	フリー
」	」	」
に	ニ	ニ
2	ニ	ニ
つ	ツ	ツ
に	ニ	ニ
分かれる	ワカレル	ワカレル
ん	ン	ン
です	デス	デス
けど	ケド	ケド
も	モ	モ
最近	サイキン	サイキン
日本	ニッポン	ニッポン
だ	ダ	ダ
と	ト	ト
どちら	ドチラ	ドチラ
か	カ	カ
と	ト	ト
いう	イウ	イウ
と	ト	ト
、	、	、
無料	ムリョウ	ムリョー
を	ヲ	オ
意味	イミ	イミ
する	スル	スル
フリー	フリー	フリー
と	ト	ト
いう	ユウ	ユー
事	コト	コト
の	ノ	ノ
方	ホウ	ホー
が	ガ	ガ
有名	ユウメイ	ユーメー
に	ニ	ニ
なっ	ナッ	ナッ
て	テ	テ
いる	イル	イル
の	ノ	ノ
か	カ	カ
な	ナ	ナ
と	ト	ト
。	。	。
EOS
そこ	ソコ	ソコ
で	デ	デ
無料	ムリョウ	ムリョー
じゃ	ジャ	ジャ
なく	ナク	ナク
て	テ	テ
自由	ジユウ	ジユー
って	ッテ	ッテ
いう	ユウ	ユー
価値	カチ	カチ
を	ヲ	オ
インターネット	インターネット	インターネット
は	ハ	ワ
もともと	モトモト	モトモト
持っ	モッ	モッ
て	テ	テ
い	イ	イ
て	テ	テ
それ	ソレ	ソレ
を	ヲ	オ
守る	マモル	マモル
こと	コト	コト
こそ	コソ	コソ
が	ガ	ガ
、	、	、
今	イマ	イマ
重要	ジュウヨウ	ジューヨー
な	ナ	ナ
ん	ン	ン
だ	ダ	ダ
って	ッテ	ッテ
いう	ユウ	ユー
こと	コト	コト
を	ヲ	オ
主張	シュチョウ	シュチョー
し	シ	シ
たく	タク	タク
て	テ	テ
今回	コンカイ	コンカイ
この	コノ	コノ
本	ホン	ホン
を	ヲ	オ
書き	カキ	カキ
まし	マシ	マシ
た	タ	タ
。	。	。
EOS
インターネット	インターネット	インターネット
上	ジョウ	ジョー
の	ノ	ノ
私	ワタクシ	ワタクシ
たち	タチ	タチ
みんな	ミンナ	ミンナ
の	ノ	ノ
自由	ジユウ	ジユー
。	。	。
EOS
なる	ナル	ナル
ほど	ホド	ホド
ね	ネ	ネ
。	。	。
EOS
インターネット	インターネット	インターネット
、	、	、
よく	ヨク	ヨク
言わ	イワ	イワ
れ	レ	レ
ます	マス	マス
よ	ヨ	ヨ
ね	ネ	ネ
。	。	。
EOS
「	「	「
私	ワタクシ	ワタクシ
たち	タチ	タチ
は	ハ	ワ
常	ツネ	ツネ
に	ニ	ニ
監視	カンシ	カンシ
さ	サ	サ
れ	レ	レ
て	テ	テ
いる	イル	イル
」	」	」
と	ト	ト
か	カ	カ
、	、	、
「	「	「
私	ワタクシ	ワタクシ
たち	タチ	タチ
は	ハ	ワ
意識	イシキ	イシキ
が	ガ	ガ
好み	コノミ	コノミ
など	ナド	ナド
も	モ	モ
、	、	、
ネット	ネット	ネット
に	ニ	ニ
よっ	ヨッ	ヨッ
て	テ	テ
コントロール	コントロール	コントロール
さ	サ	サ
れ	レ	レ
て	テ	テ
いる	イル	イル
」	」	」
。	。	。
EOS
ちょっと	チョット	チョット
不穏	フオン	フオン
な	ナ	ナ
感じ	カンジ	カンジ
も	モ	モ
し	シ	シ
ます	マス	マス
。	。	。
EOS
けれど	ケレド	ケレド
、	、	、
「	「	「
インターネット	インターネット	インターネット
と	ト	ト
それ	ソレ	ソレ
が	ガ	ガ
もたらす	モタラス	モタラス
世界	セカイ	セカイ
と	ト	ト
いう	ユウ	ユー
の	ノ	ノ
は	ハ	ワ
そもそも	ソモソモ	ソモソモ
とても	トテモ	トテモ
自由	ジユウ	ジユー
で	デ	デ
フリー	フリー	フリー
な	ナ	ナ
マインド	マインド	マインド
から	カラ	カラ
始まっ	ハジマッ	ハジマッ
て	テ	テ
い	イ	イ
た	タ	タ
ん	ン	ン
だ	ダ	ダ
よ	ヨ	ヨ
」	」	」
と	ト	ト
ドミニク	ドミニク	ドミニク
さん	サン	サン
は	ハ	ワ
語り	カタリ	カタリ
ます	マス	マス
。	。	。
EOS
もともと	モトモト	モトモト
フリー	フリー	フリー
カルチャー	カルチャー	カルチャー
の	ノ	ノ
起源	キゲン	キゲン
みたい	ミタイ	ミタイ
な	ナ	ナ
もの	モノ	モノ
を	ヲ	オ
辿っ	タドッ	タドッ
て	テ	テ
みる	ミル	ミル
と	ト	ト
、	、	、
まあ	マア	マー
アメリカ	アメリカ	アメリカ
の	ノ	ノ
1	イチ	イチ
9	キュウ	キュー
7	ナナ	ナナ
0	ゼロ	ゼロ
年	ネン	ネン
代	ダイ	ダイ
から	カラ	カラ
1	イチ	イチ
9	キュウ	キュー
8	ハチ	ハチ
0	ゼロ	ゼロ
年	ネン	ネン
代	ダイ	ダイ
に	ニ	ニ
かけ	カケ	カケ
て	テ	テ
起こっ	オコッ	オコッ
た	タ	タ
現象	ゲンショウ	ゲンショー
だっ	ダッ	ダッ
た	タ	タ
ん	ン	ン
です	デス	デス
ね	ネ	ネ
。	。	。
EOS
で	デ	デ
、	、	、
そもそも	ソモソモ	ソモソモ
ソフトウェア	ソフトウェア	ソフトウェア
を	ヲ	オ
作る	ツクル	ツクル
って	ッテ	ッテ
いう	ユウ	ユー
文化	ブンカ	ブンカ
が	ガ	ガ
非常	ヒジョウ	ヒジョー
に	ニ	ニ
こう	コウ	コー
自由	ジユウ	ジユー
な	ナ	ナ
文化	ブンカ	ブンカ
と	ト	ト
いう	イウ	イウ
か	カ	カ
アメリカ	アメリカ	アメリカ
の	ノ	ノ
西	ニシ	ニシ
海岸	カイガン	カイガン
の	ノ	ノ
ヒッピー	ヒッピー	ヒッピー
カルチャー	カルチャー	カルチャー
と	ト	ト
か	カ	カ
そう	ソウ	ソー
言っ	イッ	イッ
た	タ	タ
もの	モノ	モノ
を	ヲ	オ
継承	ケイショウ	ケーショー
し	シ	シ
て	テ	テ
、	、	、
で	デ	デ
、	、	、
とにかく	トニカク	トニカク
エンジニア	エンジニア	エンジニア
の	ノ	ノ
人	ヒト	ヒト
が	ガ	ガ
作っ	ツクッ	ツクッ
た	タ	タ
ソフトウェア	ソフトウェア	ソフトウェア
を	ヲ	オ
、	、	、
みんな	ミンナ	ミンナ
の	ノ	ノ
もの	モノ	モノ
と	ト	ト
し	シ	シ
て	テ	テ
共有	キョウユウ	キョーユー
し	シ	シ
て	テ	テ
しまい	シマイ	シマイ
ましょう	マショウ	マショー
と	ト	ト
。	。	。
EOS
そう	ソウ	ソー
いう	ユウ	ユー
文化	ブンカ	ブンカ
が	ガ	ガ
あっ	アッ	アッ
た	タ	タ
ん	ン	ン
です	デス	デス
ね	ネ	ネ
。	。	。
EOS
で	デ	デ
、	、	、
8	ハチ	ハチ
0	ゼロ	ゼロ
年	ネン	ネン
代	ダイ	ダイ
に	ニ	ニ
なっ	ナッ	ナッ
て	テ	テ
くる	クル	クル
と	ト	ト
、	、	、
そこ	ソコ	ソコ
に	ニ	ニ
企業	キギョウ	キギョー
と	ト	ト
か	カ	カ
も	モ	モ
入っ	ハイッ	ハイッ
て	テ	テ
き	キ	キ
て	テ	テ
、	、	、
いや	イヤ	イヤ
ソフトウェア	ソフトウェア	ソフトウェア
って	ッテ	ッテ
の	ノ	ノ
は	ハ	ワ
もっと	モット	モット
ビジネス	ビジネス	ビジネス
と	ト	ト
し	シ	シ
て	テ	テ
守っ	マモッ	マモッ
て	テ	テ
いか	イカ	イカ
なきゃ	ナキャ	ナキャ
いけ	イケ	イケ
いけ	イケ	イケ
ない	ナイ	ナイ
と	ト	ト
いう	ユウ	ユー
こと	コト	コト
で	デ	デ
、	、	、
お	オ	オ
互い	タガイ	タガイ
を	ヲ	オ
自由	ジユウ	ジユー
に	ニ	ニ
交換	コウカン	コーカン
し	シ	シ
合え	アエ	アエ
なく	ナク	ナク
なっ	ナッ	ナッ
て	テ	テ
き	キ	キ
た	タ	タ
と	ト	ト
。	。	。
EOS
で	デ	デ
、	、	、
そう	ソウ	ソー
いう	ユウ	ユー
時	トキ	トキ
に	ニ	ニ
、	、	、
いや	イヤ	イヤ
その	ソノ	ソノ
自由	ジユウ	ジユー
を	ヲ	オ
守る	マモル	マモル
べき	ベキ	ベキ
だ	ダ	ダ
と	ト	ト
いう	ユウ	ユー
人	ヒト	ヒト
たち	タチ	タチ
が	ガ	ガ
立ち上がっ	タチアガッ	タチアガッ
て	テ	テ
起こっ	オコッ	オコッ
た	タ	タ
の	ノ	ノ
が	ガ	ガ
いわゆる	イワユル	イワユル
フリー	フリー	フリー
ソフトウェア	ソフトウェア	ソフトウェア
の	ノ	ノ
運動	ウンドウ	ウンドー
だっ	ダッ	ダッ
た	タ	タ
ん	ン	ン
です	デス	デス
ね	ネ	ネ
。	。	。
EOS
で	デ	デ
、	、	、
そこ	ソコ	ソコ
で	デ	デ
著作	チョサク	チョサク
権	ケン	ケン
と	ト	ト
いう	ユウ	ユー
もの	モノ	モノ
が	ガ	ガ
発生	ハッセイ	ハッセー
し	シ	シ
て	テ	テ
しまっ	シマッ	シマッ
て	テ	テ
、	、	、
で	デ	デ
、	、	、
それ	ソレ	ソレ
を	ヲ	オ
勝手	カッテ	カッテ
に	ニ	ニ
お	オ	オ
互い	タガイ	タガイ
使っ	ツカッ	ツカッ
て	テ	テ
しまう	シマウ	シマウ
と	ト	ト
法律	ホウリツ	ホーリツ
に	ニ	ニ
反し	ハンシ	ハンシ
て	テ	テ
しまう	シマウ	シマウ
と	ト	ト
か	カ	カ
、	、	、
あと	アト	アト
企業	キギョウ	キギョー
に	ニ	ニ
訴え	ウッタエ	ウッタエ
られ	ラレ	ラレ
て	テ	テ
しまう	シマウ	シマウ
と	ト	ト
いう	ユウ	ユー
よう	ヨウ	ヨー
な	ナ	ナ
状況	ジョウキョウ	ジョーキョー
に	ニ	ニ
対し	タイシ	タイシ
て	テ	テ
、	、	、
いや	イヤ	イヤ
そこ	ソコ	ソコ
を	ヲ	オ
こう	コウ	コー
システム	システム	システム
変え	カエ	カエ
て	テ	テ
しまう	シマウ	シマウ
と	ト	ト
いう	ユウ	ユー
こと	コト	コト
で	デ	デ
、	、	、
新しい	アタラシイ	アタラシー
著作	チョサク	チョサク
権	ケン	ケン
の	ノ	ノ
仕組み	シクミ	シクミ
みたい	ミタイ	ミタイ
な	ナ	ナ
もの	モノ	モノ
が	ガ	ガ
生み出さ	ウミダサ	ウミダサ
れ	レ	レ
た	タ	タ
と	ト	ト
。	。	。
EOS
で	デ	デ
、	、	、
それ	ソレ	ソレ
は	ハ	ワ
コピー	コピー	コピー
レフト	レフト	レフト
と	ト	ト
呼ば	ヨバ	ヨバ
れ	レ	レ
て	テ	テ
た	タ	タ
もの	モノ	モノ
だっ	ダッ	ダッ
た	タ	タ
ん	ン	ン
です	デス	デス
。	。	。
EOS
で	デ	デ
、	、	、
コピー	コピー	コピー
レフト	レフト	レフト
って	ッテ	ッテ
いう	ユウ	ユー
の	ノ	ノ
が	ガ	ガ
、	、	、
コピーライト	コピーライト	コピーライト
って	ッテ	ッテ
いう	ユウ	ユー
の	ノ	ノ
は	ハ	ワ
つまり	ツマリ	ツマリ
著作	チョサク	チョサク
権	ケン	ケン
の	ノ	ノ
こと	コト	コト
な	ナ	ナ
ん	ン	ン
です	デス	デス
けど	ケド	ケド
も	モ	モ
、	、	、
その	ソノ	ソノ
反対	ハンタイ	ハンタイ
語	ゴ	ゴ
みたい	ミタイ	ミタイ
な	ナ	ナ
もの	モノ	モノ
で	デ	デ
、	、	、
作っ	ツクッ	ツクッ
た	タ	タ
人	ヒト	ヒト
が	ガ	ガ
誰	ダレ	ダレ
か	カ	カ
って	ッテ	ッテ
いう	ユウ	ユー
の	ノ	ノ
は	ハ	ワ
、	、	、
もちろん	モチロン	モチロン
守る	マモル	マモル
ん	ン	ン
だ	ダ	ダ
けれど	ケレド	ケレド
も	モ	モ
、	、	、
それ	ソレ	ソレ
を	ヲ	オ
誰	ダレ	ダレ
で	デ	デ
も	モ	モ
自由	ジユウ	ジユー
に	ニ	ニ
勝手	カッテ	カッテ
に	ニ	ニ
使っ	ツカッ	ツカッ
て	テ	テ
いい	イイ	イー
よ	ヨ	ヨ
、	、	、
と	ト	ト
。	。	。
EOS
で	デ	デ
、	、	、
勝手	カッテ	カッテ
に	ニ	ニ
使っ	ツカッ	ツカッ
て	テ	テ
いい	イイ	イー
ん	ン	ン
だ	ダ	ダ
けれど	ケレド	ケレド
も	モ	モ
、	、	、
その	ソノ	ソノ
勝手	カッテ	カッテ
に	ニ	ニ
使っ	ツカッ	ツカッ
た	タ	タ
結果	ケッカ	ケッカ
、	、	、
新しく	アタラシク	アタラシク
生み出さ	ウミダサ	ウミダサ
れ	レ	レ
た	タ	タ
もの	モノ	モノ
に	ニ	ニ
対し	タイシ	タイシ
て	テ	テ
も	モ	モ
同じ	オナジ	オナジ
条件	ジョウケン	ジョーケン
が	ガ	ガ
つい	ツイ	ツイ
て	テ	テ
、	、	、
で	デ	デ
、	、	、
そう	ソウ	ソー
する	スル	スル
と	ト	ト
こう	コウ	コー
何	ナン	ナン
世代	セダイ	セダイ
に	ニ	ニ
も	モ	モ
渡っ	ワタッ	ワタッ
て	テ	テ
改変	カイヘン	カイヘン
さ	サ	サ
れ	レ	レ
て	テ	テ
いっ	イッ	イッ
た	タ	タ
もの	モノ	モノ
が	ガ	ガ
、	、	、
どの	ドノ	ドノ
段階	ダンカイ	ダンカイ
で	デ	デ
切り取っ	キリトッ	キリトッ
て	テ	テ
も	モ	モ
同じ	オナジ	オナジ
自由	ジユウ	ジユー
度	ド	ド
で	デ	デ
誰	ダレ	ダレ
で	デ	デ
も	モ	モ
使っ	ツカッ	ツカッ
て	テ	テ
いい	イイ	イー
と	ト	ト
いう	ユウ	ユー
状態	ジョウタイ	ジョータイ
に	ニ	ニ
する	スル	スル
と	ト	ト
いう	ユウ	ユー
こと	コト	コト
で	デ	デ
、	、	、
だ	ダ	ダ
から	カラ	カラ
言っ	イッ	イッ
て	テ	テ
しまう	シマウ	シマウ
と	ト	ト
、	、	、
法律	ホウリツ	ホーリツ
の	ノ	ノ
世界	セカイ	セカイ
に	ニ	ニ
対し	タイシ	タイシ
て	テ	テ
別	ベツ	ベツ
の	ノ	ノ
法律	ホウリツ	ホーリツ
を	ヲ	オ
ぶつけ	ブツケ	ブツケ
て	テ	テ
新しい	アタラシイ	アタラシー
世界	セカイ	セカイ
を	ヲ	オ
作り	ツクリ	ツクリ
ましょう	マショウ	マショー
と	ト	ト
いう	ユウ	ユー
こと	コト	コト
が	ガ	ガ
あり	アリ	アリ
まし	マシ	マシ
た	タ	タ
。	。	。
EOS
コピー	コピー	コピー
ライト	ライト	ライト
に	ニ	ニ
対し	タイシ	タイシ
て	テ	テ
コピー	コピー	コピー
レフト	レフト	レフト
、	、	、
これ	コレ	コレ
いい	イイ	イー
です	デス	デス
ね	ネ	ネ
。	。	。
EOS
そして	ソシテ	ソシテ
新しい	アタラシイ	アタラシー
世界	セカイ	セカイ
を	ヲ	オ
作ろう	ツクロウ	ツクロー
と	ト	ト
いう	ユウ	ユー
その	ソノ	ソノ
発想	ハッソウ	ハッソー
、	、	、
スピリット	スピリット	スピリット
、	、	、
これ	コレ	コレ
も	モ	モ
いい	イイ	イー
です	デス	デス
よ	ヨ	ヨ
ね	ネ	ネ
。	。	。
EOS
そう	ソウ	ソー
いう	ユウ	ユー
マインド	マインド	マインド
こそ	コソ	コソ
、	、	、
私	ワタクシ	ワタクシ
たち	タチ	タチ
今	イマ	イマ
を	ヲ	オ
生きる	イキル	イキル
ジェネレーション	ジェネレーション	ジェネレーション
が	ガ	ガ
、	、	、
やっぱり	ヤッパリ	ヤッパリ
大切	タイセツ	タイセツ
に	ニ	ニ
し	シ	シ
たい	タイ	タイ
こと	コト	コト
です	デス	デス
よ	ヨ	ヨ
ね	ネ	ネ
。	。	。
EOS
で	デ	デ
も	モ	モ
、	、	、
そんな	ソンナ	ソンナ
フリー	フリー	フリー
マインド	マインド	マインド
、	、	、
フリー	フリー	フリー
スピリット	スピリット	スピリット
な	ナ	ナ
ネット	ネット	ネット
カルチャー	カルチャー	カルチャー
が	ガ	ガ
、	、	、
今	イマ	イマ
、	、	、
少し	スコシ	スコシ
ずつ	ズツ	ズツ
変化	ヘンカ	ヘンカ
し	シ	シ
て	テ	テ
いる	イル	イル
よう	ヨウ	ヨー
です	デス	デス
。	。	。
EOS
J	ジェー	ジェー
-		
WAVE	ウエーブ	ウエーブ
360	スリーシックスティー	スリーシックスティー
Forum	フォーラム	フォーラム
~		
Seek	シーク	シーク
and	アンド	アンド
Find	ファインド	ファインド
~		
。	。	。
EOS
今月	コンゲツ	コンゲツ
の	ノ	ノ
テーマ	テーマ	テーマ
は	ハ	ワ
フリー	フリー	フリー
カルチャー	カルチャー	カルチャー
。	。	。
EOS
そもそも	ソモソモ	ソモソモ
1	イチ	イチ
9	キュウ	キュー
6	ロク	ロク
0	ゼロ	ゼロ
年	ネン	ネン
代	ダイ	ダイ
に	ニ	ニ
、	、	、
こう	コウ	コー
いっ	イッ	イッ
た	タ	タ
フリー	フリー	フリー
と	ト	ト
いう	ユウ	ユー
思想	シソウ	シソー
・	・	・
発想	ハッソウ	ハッソー
が	ガ	ガ
アメリカ	アメリカ	アメリカ
で	デ	デ
大きく	オオキク	オーキク
芽生え	メバエ	メバエ
まし	マシ	マシ
た	タ	タ
。	。	。
EOS
ボブ	ボブ	ボブ
ディラン	ディラン	ディラン
は	ハ	ワ
それ	ソレ	ソレ
は	ハ	ワ
歌	ウタ	ウタ
に	ニ	ニ
し	シ	シ
まし	マシ	マシ
た	タ	タ
。	。	。
EOS
グレイト	グレイト	グレート
フル	フル	フル
デッド	デッド	デッド
は	ハ	ワ
、	、	、
それ	ソレ	ソレ
を	ヲ	オ
バンド	バンド	バンド
と	ト	ト
ファン	ファン	ファン
、	、	、
1	イチ	イチ
つ	ツ	ツ
に	ニ	ニ
なっ	ナッ	ナッ
て	テ	テ
体現	タイゲン	タイゲン
し	シ	シ
まし	マシ	マシ
た	タ	タ
。	。	。
EOS
フリー	フリー	フリー
カルチャー	カルチャー	カルチャー
の	ノ	ノ
起源	キゲン	キゲン
は	ハ	ワ
グレイト	グレイト	グレート
フル	フル	フル
デッド	デッド	デッド
と	ト	ト
その	ソノ	ソノ
ファン	ファン	ファン
で	デ	デ
ある	アル	アル
。	。	。
EOS
ま	マ	マ
、	、	、
そう	ソウ	ソー
語る	カタル	カタル
ジャーナリスト	ジャーナリスト	ジャーナリスト
・	・	・
評論	ヒョウロン	ヒョーロン
家	カ	カ
も	モ	モ
い	イ	イ
ます	マス	マス
。	。	。
EOS
やがて	ヤガテ	ヤガテ
1	イチ	イチ
9	キュウ	キュー
6	ロク	ロク
8	ハチ	ハチ
年	ネン	ネン
、	、	、
サマー	サマー	サマー
オブ	オブ	オブ
ラブ	ラブ	ラブ	
が	ガ	ガ
あり	アリ	アリ
、	、	、
ヒッピー	ヒッピー	ヒッピー
ムーブメント	ムーブメント	ムーブメント
、	、	、
フラワー	フラワー	フラワー
チルドレン	チルドレン	チルドレン
と	ト	ト
いう	ユウ	ユー
大きな	オオキナ	オーキナ
花	ハナ	ハナ
が	ガ	ガ
開き	ヒラキ	ヒラキ
、	、	、
そして	ソシテ	ソシテ
1	イチ	イチ
9	キュウ	キュー
6	ロク	ロク
9	キュウ	キュー
年	ネン	ネン
の	ノ	ノ
ウッド	ウッド	ウッド
ストック	ストック	ストック
に	ニ	ニ
よっ	ヨッ	ヨッ
て	テ	テ
1	イッ	イッ
つ	ツ	ツ
の	ノ	ノ
季節	キセツ	キセツ
が	ガ	ガ
終わり	オワリ	オワリ
まし	マシ	マシ
た	タ	タ
。	。	。
EOS
ウッド	ウッド	ウッド
ストック	ストック	ストック
を	ヲ	オ
経験	ケイケン	ケーケン
し	シ	シ
た	タ	タ
世代	セダイ	セダイ
は	ハ	ワ
、	、	、
1	イチ	イチ
9	キュウ	キュー
7	ナナ	ナナ
0	ゼロ	ゼロ
年	ネン	ネン
代	ダイ	ダイ
カリフォルニア	カリフォルニア	カリフォルニア
を	ヲ	オ
目指し	メザシ	メザシ
まし	マシ	マシ
た	タ	タ
。	。	。
EOS
そして	ソシテ	ソシテ
、	、	、
その	ソノ	ソノ
一部	イチブ	イチブ
の	ノ	ノ
人々	ヒトビト	ヒトビト
が	ガ	ガ
シリコン	シリコン	シリコン
バレー	バレー	バレー
王国	オウコク	オーコク
を	ヲ	オ
作り上げ	ツクリアゲ	ツクリアゲ
て	テ	テ
いき	イキ	イキ
ます	マス	マス
。	。	。
EOS
そう	ソウ	ソー
、	、	、
アップル	アップル	アップル
コンピューター	コンピューター	コンピューター
も	モ	モ
そんな	ソンナ	ソンナ
世界	セカイ	セカイ
の	ノ	ノ
片隅	カタスミ	カタスミ
で	デ	デ
生まれ	ウマレ	ウマレ
まし	マシ	マシ
た	タ	タ
。	。	。
EOS
こう	コウ	コー
いっ	イッ	イッ
た	タ	タ
流れ	ナガレ	ナガレ
の	ノ	ノ
ソース	ソース	ソース
、	、	、
源	ミナモト	ミナモト
に	ニ	ニ
、	、	、
常	ツネ	ツネ
に	ニ	ニ
あっ	アッ	アッ
た	タ	タ
の	ノ	ノ
が	ガ	ガ
フリー	フリー	フリー
で	デ	デ
ある	アル	アル
こと	コト	コト
。	。	。
EOS
つまり	ツマリ	ツマリ
、	、	、
誰	ダレ	ダレ
も	モ	モ
が	ガ	ガ
自由	ジユウ	ジユー
に	ニ	ニ
、	、	、
有	ユウ	ユー
意義	イギ	イギ
に	ニ	ニ
共有	キョウユウ	キョーユー
しよう	シヨウ	シヨー
よ	ヨ	ヨ
と	ト	ト
いう	イウ	イウ
、	、	、
ピース	ピース	ピース
フル	フル	フル
な	ナ	ナ
考え	カンガエ	カンガエ
方	カタ	カタ
です	デス	デス
。	。	。
EOS
フリー	フリー	フリー
カルチャー	カルチャー	カルチャー
と	ト	ト
いう	ユウ	ユー
の	ノ	ノ
は	ハ	ワ
この	コノ	コノ
よう	ヨウ	ヨー
に	ニ	ニ
2	ニ	ニ
0	ゼロ	ゼロ
世紀	セイキ	セーキ
の	ノ	ノ
アメリカ	アメリカ	アメリカ
から	カラ	カラ
続く	ツヅク	ツズク
、	、	、
音楽	オンガク	オンガク
や	ヤ	ヤ
文化	ブンカ	ブンカ
の	ノ	ノ
ヒストリー	ヒストリー	ヒストリー
の	ノ	ノ
上	ウエ	ウエ
に	ニ	ニ
ある	アル	アル
言葉	コトバ	コトバ
で	デ	デ
あり	アリ	アリ
、	、	、
マインド	マインド	マインド
だっ	ダッ	ダッ
た	タ	タ
ん	ン	ン
です	デス	デス
ね	ネ	ネ
。	。	。
EOS
そして	ソシテ	ソシテ
、	、	、
この	コノ	コノ
マインド	マインド	マインド
は	ハ	ワ
私	ワタクシ	ワタクシ
たち	タチ	タチ
が	ガ	ガ
毎日	マイニチ	マイニチ
と	ト	ト
いう	イウ	イウ
か	カ	カ
、	、	、
ほぼ	ホボ	ホボ
毎分	マイフン	マイフン
の	ノ	ノ
よう	ヨウ	ヨー
に	ニ	ニ
触れ	フレ	フレ
て	テ	テ
いる	イル	イル
インターネット	インターネット	インターネット
と	ト	ト
いう	ユウ	ユー
もの	モノ	モノ
に	ニ	ニ
まっすぐ	マッスグ	マッスグ
繋がっ	ツナガッ	ツナガッ
て	テ	テ
いき	イキ	イキ
ます	マス	マス
。	。	。
EOS
9	キュウ	キュー
0	ゼロ	ゼロ
年	ネン	ネン
代	ダイ	ダイ
に	ニ	ニ
入る	ハイル	ハイル
と	ト	ト
今度	コンド	コンド
Linux	リナックス	リナックス
って	ッテ	ッテ
いう	ユウ	ユー
今	イマ	イマ
も	モ	モ
世界	セカイ	セカイ
中	ジュウ	ジュー
で	デ	デ
使わ	ツカワ	ツカワ
れ	レ	レ
て	テ	テ
いる	イル	イル
、	、	、
例えば	タトエバ	タトエバ
ウェブ	ウェブ	ウェブ
ページ	ページ	ページ
と	ト	ト
か	カ	カ
皆	ミナ	ミナ
さん	サン	サン
見	ミ	ミ
てる	テル	テル
と	ト	ト
思う	オモウ	オモウ
ん	ン	ン
です	デス	デス
けど	ケド	ケド
も	モ	モ
、	、	、
大体	ダイタイ	ダイタイ
Web	ウェブ	ウェブ
ページ	ページ	ページ
を	ヲ	オ
動かし	ウゴカシ	ウゴカシ
てる	テル	テル
メイン	メイン	メイン
の	ノ	ノ
ソフト	ソフト	ソフト
って	ッテ	ッテ
Linux	リナックス	リナックス
な	ナ	ナ
ん	ン	ン
です	デス	デス
ね	ネ	ネ
。	。	。
EOS
で	デ	デ
、	、	、
まあ	マア	マー
それ	ソレ	ソレ
ぐらい	グライ	グライ
世界	セカイ	セカイ
に	ニ	ニ
浸透	シントウ	シントー
し	シ	シ
て	テ	テ
いる	イル	イル
もの	モノ	モノ
が	ガ	ガ
あっ	アッ	アッ
て	テ	テ
、	、	、
で	デ	デ
、	、	、
それ	ソレ	ソレ
は	ハ	ワ
もともと	モトモト	モトモト
フリー	フリー	フリー
ソフトウェア	ソフトウェア	ソフトウェア
だっ	ダッ	ダッ
た	タ	タ
ん	ン	ン
です	デス	デス
。	。	。
EOS
で	デ	デ
、	、	、
最初	サイショ	サイショ
は	ハ	ワ
北欧	ホクオウ	ホクオー
の	ノ	ノ
リーナス	リーナス	リーナス
・	・	・
トーバルズ	トーバルズ	トーバルズ
と	ト	ト
いう	ユウ	ユー
1人	ヒトリ	ヒトリ
が	ガ	ガ
作っ	ツクッ	ツクッ
て	テ	テ
た	タ	タ
の	ノ	ノ
を	ヲ	オ
この	コノ	コノ
2	ニ	ニ
タイトル	タイトル	タイトル
を	ヲ	オ
バーン	バーン	バーン
と	ト	ト
公開	コウカイ	コーカイ
し	シ	シ
て	テ	テ
こんな	コンナ	コンナ
もん	モン	モン
作っ	ツクッ	ツクッ
て	テ	テ
ん	ン	ン
だ	ダ	ダ
けど	ケド	ケド
、	、	、
みんな	ミンナ	ミンナ
どう	ドウ	ドー
思う	オモウ	オモウ
？	？	？
みたい	ミタイ	ミタイ
な	ナ	ナ
、	、	、
今	イマ	イマ
で	デ	デ
言う	ユウ	ユー
と	ト	ト
作っ	ツクッ	ツクッ
て	テ	テ
み	ミ	ミ
た	タ	タ
系	ケイ	ケー
の	ノ	ノ
走り	ハシリ	ハシリ
です	デス	デス
ね	ネ	ネ
。	。	。
EOS
で	デ	デ
、	、	、
そ	ソ	ソ
し	シ	シ
たら	タラ	タラ
世界	セカイ	セカイ
中	チュウ	チュー
の	ノ	ノ
エンジニア	エンジニア	エンジニア
たち	タチ	タチ
が	ガ	ガ
集まっ	アツマッ	アツマッ
て	テ	テ
き	キ	キ
て	テ	テ
、	、	、
メール	メール	メール
で	デ	デ
やり取り	ヤリトリ	ヤリトリ
を	ヲ	オ
し	シ	シ
て	テ	テ
、	、	、
で	デ	デ
、	、	、
いや	イヤ	イヤ
ここ	ココ	ココ
は	ハ	ワ
こう	コウ	コー
し	シ	シ
た	タ	タ
方	ホウ	ホー
が	ガ	ガ
いい	イイ	イー
ん	ン	ン
じゃ	ジャ	ジャ
ない	ナイ	ナイ
か	カ	カ
みたい	ミタイ	ミタイ
な	ナ	ナ
。	。	。
EOS
俺	オレ	オレ
だっ	ダッ	ダッ
たら	タラ	タラ
こう	コウ	コー
する	スル	スル
みたい	ミタイ	ミタイ
な	ナ	ナ
。	。	。
EOS
で	デ	デ
、	、	、
どんどん	ドンドン	ドンドン
どんどん	ドンドン	ドンドン
1人	ヒトリ	ヒトリ
じゃ	ジャ	ジャ
でき	デキ	デキ
ない	ナイ	ナイ
レベル	レベル	レベル
に	ニ	ニ
まで	マデ	マデ
こう	コウ	コー
ソフトウェア	ソフトウェア	ソフトウェア
が	ガ	ガ
広がっ	ヒロガッ	ヒロガッ
て	テ	テ
いっ	イッ	イッ
た	タ	タ
と	ト	ト
、	、	、
成長	セイチョウ	セーチョー
し	シ	シ
て	テ	テ
いっ	イッ	イッ
た	タ	タ
と	ト	ト
。	。	。
EOS
で	デ	デ
、	、	、
世界	セカイ	セカイ
を	ヲ	オ
変え	カエ	カエ
て	テ	テ
しまう	シマウ	シマウ
ところ	トコロ	トコロ
まで	マデ	マデ
いっ	イッ	イッ
た	タ	タ
。	。	。
EOS
で	デ	デ
、	、	、
それ	ソレ	ソレ
が	ガ	ガ
ソフトウェア	ソフトウェア	ソフトウェア
の	ノ	ノ
世界	セカイ	セカイ
だっ	ダッ	ダッ
た	タ	タ
ん	ン	ン
です	デス	デス
ね	ネ	ネ
。	。	。
EOS
で	デ	デ
、	、	、
それ	ソレ	ソレ
から	カラ	カラ
9	キュウ	キュー
0	ゼロ	ゼロ
年	ネン	ネン
代	ダイ	ダイ
末	マツ	マツ
から	カラ	カラ
2000	ニセン	ニセン
年	ネン	ネン
代	ダイ	ダイ
初頭	ショトウ	ショトー
に	ニ	ニ
かけ	カケ	カケ
て	テ	テ
今度	コンド	コンド
、	、	、
こう	コウ	コー
インターネット	インターネット	インターネット
って	ッテ	ッテ
いう	ユウ	ユー
もの	モノ	モノ
に	ニ	ニ
、	、	、
あの	アノ	アノ
、	、	、
みんな	ミンナ	ミンナ
が	ガ	ガ
アクセス	アクセス	アクセス
する	スル	スル
よう	ヨウ	ヨー
に	ニ	ニ
なっ	ナッ	ナッ
た	タ	タ
。	。	。
EOS
で	デ	デ
、	、	、
それ	ソレ	ソレ
は	ハ	ワ
本当	ホント	ホント
に	ニ	ニ
もう	モウ	モー
子供	コドモ	コドモ
から	カラ	カラ
お	オ	オ
じい	ジイ	ジー
ちゃん	チャン	チャン
まで	マデ	マデ
、	、	、
こう	コウ	コー
アクセス	アクセス	アクセス
する	スル	スル
よう	ヨウ	ヨー
に	ニ	ニ
なっ	ナッ	ナッ
て	テ	テ
き	キ	キ
て	テ	テ
、	、	、
そう	ソウ	ソー
する	スル	スル
と	ト	ト
今度	コンド	コンド
その	ソノ	ソノ
ソフトウェア	ソフトウェア	ソフトウェア
だけ	ダケ	ダケ
じゃ	ジャ	ジャ
なく	ナク	ナク
て	テ	テ
、	、	、
例えば	タトエバ	タトエバ
その	ソノ	ソノ
文章	ブンショウ	ブンショー
だっ	ダッ	ダッ
たり	タリ	タリ
画像	ガゾウ	ガゾー
だっ	ダッ	ダッ
たり	タリ	タリ
、	、	、
音楽	オンガク	オンガク
・	・	・
映像	エイゾウ	エーゾー
と	ト	ト
いっ	イッ	イッ
た	タ	タ
、	、	、
本当	ホント	ホント
に	ニ	ニ
みんな	ミンナ	ミンナ
が	ガ	ガ
作る	ツクル	ツクル
もの	モノ	モノ
が	ガ	ガ
、	、	、
どんどん	ドンドン	ドンドン
どんどん	ドンドン	ドンドン
インターネット	インターネット	インターネット
に	ニ	ニ
アップ	アップ	アップ
さ	サ	サ
れ	レ	レ
て	テ	テ
いっ	イッ	イッ
て	テ	テ
、	、	、
そこ	ソコ	ソコ
で	デ	デ
また	マタ	マタ
その	ソノ	ソノ
著作	チョサク	チョサク
権	ケン	ケン
の	ノ	ノ
問題	モンダイ	モンダイ
って	ッテ	ッテ
いう	ユウ	ユー
の	ノ	ノ
が	ガ	ガ
再燃	サイネン	サイネン
し	シ	シ
て	テ	テ
しまっ	シマッ	シマッ
た	タ	タ
と	ト	ト
。	。	。
EOS
そう	ソウ	ソー
いう	ユウ	ユー
時	トキ	トキ
に	ニ	ニ
、	、	、
じゃあ	ジャア	ジャー
その	ソノ	ソノ
ソフトウェア	ソフトウェア	ソフトウェア
だけ	ダケ	ダケ
じゃ	ジャ	ジャ
なく	ナク	ナク
て	テ	テ
、	、	、
そう	ソウ	ソー
いう	ユウ	ユー
コンテンツ	コンテンツ	コンテンツ
、	、	、
その	ソノ	ソノ
作品	サクヒン	サクヒン
の	ノ	ノ
世界	セカイ	セカイ
を	ヲ	オ
フリー	フリー	フリー
に	ニ	ニ
する	スル	スル
自由	ジユウ	ジユー
に	ニ	ニ
する	スル	スル
って	ッテ	ッテ
いう	ユウ	ユー
こと	コト	コト
が	ガ	ガ
必要	ヒツヨウ	ヒツヨー
だ	ダ	ダ
と	ト	ト
いう	ユウ	ユー
話	ハナシ	ハナシ
が	ガ	ガ
出	デ	デ
て	テ	テ
き	キ	キ
て	テ	テ
、	、	、
生まれ	ウマレ	ウマレ
た	タ	タ
の	ノ	ノ
が	ガ	ガ
、	、	、
フリー	フリー	フリー
カルチャー	カルチャー	カルチャー
と	ト	ト
総称	ソウショウ	ソーショー
する	スル	スル
、	、	、
大きな	オオキナ	オーキナ
運動	ウンドウ	ウンドー
な	ナ	ナ
ん	ン	ン
です	デス	デス
ね	ネ	ネ
。	。	。
EOS
フリー	フリー	フリー
カルチャー	カルチャー	カルチャー
ムーブメント	ムーブメント	ムーブメント
。	。	。
EOS
これ	コレ	コレ
私	ワタクシ	ワタクシ
達	タチ	タチ
全員	ゼンイン	ゼンイン
この	コノ	コノ
大きな	オオキナ	オーキナ
渦	ウズ	ウズ
の	ノ	ノ
中	ナカ	ナカ
に	ニ	ニ
い	イ	イ
ます	マス	マス
。	。	。
EOS
私	ワタクシ	ワタクシ
たち	タチ	タチ
は	ハ	ワ
毎日	マイニチ	マイニチ
、	、	、
その	ソノ	ソノ
フリー	フリー	フリー
カルチャー	カルチャー	カルチャー
に	ニ	ニ
とても	トテモ	トテモ
お	オ	オ
世話	セワ	セワ
に	ニ	ニ
なっ	ナッ	ナッ
て	テ	テ
いる	イル	イル
から	カラ	カラ
です	デス	デス
。	。	。
EOS
一番	イチバン	イチバン
有名	ユウメイ	ユーメー
な	ナ	ナ
事例	ジレイ	ジレー
って	ッテ	ッテ
言う	ユウ	ユー
と	ト	ト
、	、	、
例えば	タトエバ	タトエバ
Wikipedia	ウィキペディア	ウィキペディア
って	ッテ	ッテ
いう	ユウ	ユー
オン	オン	オン
ライン	ライン	ライン
百科	ヒャッカ	ヒャッカ
事典	ジテン	ジテン
が	ガ	ガ
あり	アリ	アリ
ます	マス	マス
。	。	。
EOS
皆	ミナ	ミナ
さん	サン	サン
ご	ゴ	ゴ
存知	ゾンジ	ゾンジ
だ	ダ	ダ
と	ト	ト
思い	オモイ	オモイ
ます	マス	マス
。	。	。
EOS
で	デ	デ
、	、	、
Wikipedia	ウィキペディア	ウィキペディア
って	ッテ	ッテ
いう	ユウ	ユー
の	ノ	ノ
は	ハ	ワ
全	ゼン	ゼン
世界	セカイ	セカイ
で	デ	デ
数百	スウヒャク	スーヒャク
万	マン	マン
件	ケン	ケン
の	ノ	ノ
百科	ヒャッカ	ヒャッカ
事典	ジテン	ジテン
の	ノ	ノ
記事	キジ	キジ
から	カラ	カラ
なっ	ナッ	ナッ
てる	テル	テル
ん	ン	ン
です	デス	デス
けど	ケド	ケド
も	モ	モ
、	、	、
実	ジツ	ジツ
は	ハ	ワ
この	コノ	コノ
全て	スベテ	スベテ
の	ノ	ノ
記事	キジ	キジ
に	ニ	ニ
対し	タイシ	タイシ
て	テ	テ
、	、	、
クリエイティブ	クリエイティブ	クリエーティブ
・	・	・
コモンズ	コモンズ	コモンズ
・	・	・
ライセンス	ライセンス	ライセンス
と	ト	ト
いう	ユウ	ユー
フリー	フリー	フリー
の	ノ	ノ
ライセンス	ライセンス	ライセンス
が	ガ	ガ
つい	ツイ	ツイ
て	テ	テ
い	イ	イ
て	テ	テ
、	、	、
それ	ソレ	ソレ
は	ハ	ワ
どう	ドウ	ドー
いう	ユウ	ユー
こと	コト	コト
意味	イミ	イミ
する	スル	スル
か	カ	カ
と	ト	ト
いう	イウ	イウ
と	ト	ト
、	、	、
その	ソノ	ソノ
Wikipedia	ウィキペディア	ウィキペディア
に	ニ	ニ
書い	カイ	カイ
て	テ	テ
ある	アル	アル
記事	キジ	キジ
って	ッテ	ッテ
いう	ユウ	ユー
の	ノ	ノ
は	ハ	ワ
、	、	、
ただ	タダ	タダ
こう	コウ	コー
受け取っ	ウケトッ	ウケトッ
て	テ	テ
読める	ヨメル	ヨメル
よ	ヨ	ヨ
。	。	。
EOS
って	ッテ	ッテ
いう	ユウ	ユー
だけ	ダケ	ダケ
じゃ	ジャ	ジャ
なく	ナク	ナク
て	テ	テ
、	、	、
誰	ダレ	ダレ
で	デ	デ
も	モ	モ
その	ソノ	ソノ
内容	ナイヨウ	ナイヨー
を	ヲ	オ
例えば	タトエバ	タトエバ
違う	チガウ	チガウ
言語	ゲンゴ	ゲンゴ
に	ニ	ニ
翻訳	ホンヤク	ホンヤク
し	シ	シ
たり	タリ	タリ
それ	ソレ	ソレ
を	ヲ	オ
引用	インヨウ	インヨー
し	シ	シ
て	テ	テ
例えば	タトエバ	タトエバ
本	ホン	ホン
を	ヲ	オ
書い	カイ	カイ
たり	タリ	タリ
、	、	、
とにかく	トニカク	トニカク
その	ソノ	ソノ
Wikipedia	ウィキペディア	ウィキペディア
って	ッテ	ッテ
いう	ユウ	ユー
場所	バショ	バショ
に	ニ	ニ
ある	アル	アル
もの	モノ	モノ
使っ	ツカッ	ツカッ
て	テ	テ
新しい	アタラシイ	アタラシー
もの	モノ	モノ
を	ヲ	オ
作っ	ツクッ	ツクッ
て	テ	テ
いい	イイ	イー
ん	ン	ン
だ	ダ	ダ
よ	ヨ	ヨ
。	。	。
EOS
って	ッテ	ッテ
いう	ユウ	ユー
、	、	、
そう	ソウ	ソー
いう	ユウ	ユー
文化	ブンカ	ブンカ
を	ヲ	オ
発信	ハッシン	ハッシン
し	シ	シ
てる	テル	テル
ん	ン	ン
です	デス	デス
ね	ネ	ネ
。	。	。
EOS
You	ユー	ユー
Tube	チューブ	チューブ
って	ッテ	ッテ
いう	ユウ	ユー
、	、	、
動画	ドウガ	ドーガ
共有	キョウユウ	キョーユー
サイト	サイト	サイト
、	、	、
皆	ミナ	ミナ
さん	サン	サン
知っ	シッ	シッ
てる	テル	テル
と	ト	ト
思い	オモイ	オモイ
ます	マス	マス
けど	ケド	ケド
も	モ	モ
、	、	、
You	ユー	ユー
Tube	チューブ	チューブ
も	モ	モ
実	ジツ	ジツ
は	ハ	ワ
昨年	サクネン	サクネン
2	ニ	ニ
0	ゼロ	ゼロ
1	イチ	イチ
1	イチ	イチ
年	ネン	ネン
6	ロク	ロク
月	ガツ	ガツ
から	カラ	カラ
クリエイティブ	クリエイティブ	クリエーティブ
・	・	・
コモンズ	コモンズ	コモンズ
・	・	・
ライセンス	ライセンス	ライセンス
を	ヲ	オ
選べる	エラベル	エラベル
よう	ヨウ	ヨー
に	ニ	ニ
なっ	ナッ	ナッ
て	テ	テ
いる	イル	イル
。	。	。
EOS
それ	ソレ	ソレ
は	ハ	ワ
、	、	、
どう	ドウ	ドー
いう	ユウ	ユー
こと	コト	コト
を	ヲ	オ
意味	イミ	イミ
する	スル	スル
か	カ	カ
と	ト	ト
いう	イウ	イウ
と	ト	ト
、	、	、
You	ユー	ユー
Tube	チューブ	チューブ
に	ニ	ニ
投稿	トウコウ	トーコー
さ	サ	サ
れ	レ	レ
てる	テル	テル
動画	ドウガ	ドーガ
の	ノ	ノ
中	ナカ	ナカ
から	カラ	カラ
、	、	、
その	ソノ	ソノ
クリエイティブ	クリエイティブ	クリエーティブ
・	・	・
コモンズ	コモンズ	コモンズ
・	・	・
ライセンス	ライセンス	ライセンス
が	ガ	ガ
つい	ツイ	ツイ
てる	テル	テル
動画	ドウガ	ドーガ
を	ヲ	オ
検索	ケンサク	ケンサク
できる	デキル	デキル
よう	ヨウ	ヨー
に	ニ	ニ
なっ	ナッ	ナッ
て	テ	テ
い	イ	イ
て	テ	テ
、	、	、
それ	ソレ	ソレ
を	ヲ	オ
いわゆる	イワユル	イワユル
マッシュ	マッシュ	マッシュ
アップ	アップ	アップ
、	、	、
色んな	イロンナ	イロンナ
動画	ドウガ	ドーガ
を	ヲ	オ
こう	コウ	コー
混ぜ合わせ	マゼアワセ	マゼアワセ
て	テ	テ
新しい	アタラシイ	アタラシー
動画	ドウガ	ドーガ
を	ヲ	オ
作る	ツクル	ツクル
って	ッテ	ッテ
いう	ユウ	ユー
こと	コト	コト
が	ガ	ガ
可能	カノウ	カノー
に	ニ	ニ
なっ	ナッ	ナッ
て	テ	テ
いる	イル	イル
。	。	。
EOS
画像	ガゾウ	ガゾー
の	ノ	ノ
世界	セカイ	セカイ
で	デ	デ
言う	ユウ	ユー
と	ト	ト
、	、	、
フリッカー	フリッカー	フリッカー
って	ッテ	ッテ
いう	ユウ	ユー
今	イマ	イマ
yahoo	ヤフー	ヤフー
!	!	!
の	ノ	ノ
子	コ	コ
会社	カイシャ	カイシャ
に	ニ	ニ
なっ	ナッ	ナッ
て	テ	テ
ます	マス	マス
けれど	ケレド	ケレド
も	モ	モ
、	、	、
画像	ガゾウ	ガゾー
に	ニ	ニ
今度	コンド	コンド
は	ハ	ワ
その	ソノ	ソノ
同じ	オナジ	オナジ
クリエイティブ	クリエイティブ	クリエーティブ
・	・	・
コモンズ	コモンズ	コモンズ
・	・	・
ライセンス	ライセンス	ライセンス
を	ヲ	オ
つける	ツケル	ツケル
と	ト	ト
いう	ユウ	ユー
サイト	サイト	サイト
が	ガ	ガ
あっ	アッ	アッ
て	テ	テ
、	、	、
もう	モウ	モー
8	ハチ	ハチ
年	ネン	ネン
ぐらい	グライ	グライ
運営	ウンエイ	ウンエー
さ	サ	サ
れ	レ	レ
てる	テル	テル
老舗	シニセ	シニセ
の	ノ	ノ
サイト	サイト	サイト
な	ナ	ナ
ん	ン	ン
です	デス	デス
けど	ケド	ケド
、	、	、
この	コノ	コノ
フリッカー	フリッカー	フリッカー
が	ガ	ガ
すごい	スゴイ	スゴイ
の	ノ	ノ
は	ハ	ワ
今	イマ	イマ
およそ	オヨソ	オヨソ
です	デス	デス
けど	ケド	ケド
も	モ	モ
、	、	、
7000	ナナセン	ナナセン
万	マン	マン
件	ケン	ケン
ぐらい	グライ	グライ
の	ノ	ノ
写真	シャシン	シャシン
が	ガ	ガ
クリエイティブ	クリエイティブ	クリエーティブ
・	・	・
コモンズ	コモンズ	コモンズ
・	・	・
ライセンス	ライセンス	ライセンス
が	ガ	ガ
つい	ツイ	ツイ
てる	テル	テル
。	。	。
EOS
しかも	シカモ	シカモ
それ	ソレ	ソレ
が	ガ	ガ
結構	ケッコウ	ケッコー
クオリティ	クオリティ	クオリティ
の	ノ	ノ
高い	タカイ	タカイ
もの	モノ	モノ
が	ガ	ガ
すごい	スゴイ	スゴイ
多い	オオイ	オーイ
ん	ン	ン
です	デス	デス
ね	ネ	ネ
。	。	。
EOS
デジカメ	デジカメ	デジカメ
が	ガ	ガ
すごい	スゴイ	スゴイ
普及	フキュウ	フキュー
し	シ	シ
て	テ	テ
、	、	、
誰	ダレ	ダレ
で	デ	デ
も	モ	モ
結構	ケッコウ	ケッコー
いい	イイ	イー
写真	シャシン	シャシン
撮れる	トレル	トレル
よう	ヨウ	ヨー
に	ニ	ニ
なっ	ナッ	ナッ
て	テ	テ
き	キ	キ
た	タ	タ
って	ッテ	ッテ
いう	ユウ	ユー
時代	ジダイ	ジダイ
背景	ハイケイ	ハイケー
も	モ	モ
ある	アル	アル
と	ト	ト
思う	オモウ	オモウ
ん	ン	ン
です	デス	デス
けど	ケド	ケド
も	モ	モ
。	。	。
EOS
例えば	タトエバ	タトエバ
今回	コンカイ	コンカイ
の	ノ	ノ
僕	ボク	ボク
の	ノ	ノ
出し	ダシ	ダシ
た	タ	タ
本	ホン	ホン
を	ヲ	オ
絡め	カラメ	カラメ
て	テ	テ
いう	イウ	イウ
と	ト	ト
この	コノ	コノ
僕	ボク	ボク
の	ノ	ノ
本	ホン	ホン
の	ノ	ノ
表紙	ヒョウシ	ヒョーシ
って	ッテ	ッテ
いう	ユウ	ユー
の	ノ	ノ
は	ハ	ワ
実	ジツ	ジツ
は	ハ	ワ
まさに	マサニ	マサニ
フリッカー	フリッカー	フリッカー
で	デ	デ
探し出し	サガシダシ	サガシダシ
て	テ	テ
き	キ	キ
た	タ	タ
画像	ガゾウ	ガゾー
十	ジュウ	ジュー
数	スウ	スー
点	テン	テン
を	ヲ	オ
リミックス	リミックス	リミックス
し	シ	シ
た	タ	タ
グラフィック	グラフィック	グラフィック
に	ニ	ニ
なっ	ナッ	ナッ
て	テ	テ
い	イ	イ
て	テ	テ
、	、	、
これ	コレ	コレ
自体	ジタイ	ジタイ
が	ガ	ガ
フリッカー	フリッカー	フリッカー
が	ガ	ガ
あっ	アッ	アッ
た	タ	タ
から	カラ	カラ
作れ	ツクレ	ツクレ
た	タ	タ
表紙	ヒョウシ	ヒョーシ
と	ト	ト
いう	ユウ	ユー
こと	コト	コト
に	ニ	ニ
なっ	ナッ	ナッ
て	テ	テ
ます	マス	マス
。	。	。
EOS
フリー	フリー	フリー
カルチャー	カルチャー	カルチャー
ムーブメント	ムーブメント	ムーブメント
に	ニ	ニ
よる	ヨル	ヨル
恩恵	オンケイ	オンケー
を	ヲ	オ
私	ワタクシ	ワタクシ
たち	タチ	タチ
は	ハ	ワ
共有	キョウユウ	キョーユー
し	シ	シ
て	テ	テ
い	イ	イ
ます	マス	マス
。	。	。
EOS
私	ワタクシ	ワタクシ
たち	タチ	タチ
1人1人	ヒトリヒトリ	ヒトリヒトリ
が	ガ	ガ
フリー	フリー	フリー
カルチャー	カルチャー	カルチャー
の	ノ	ノ
実践	ジッセン	ジッセン
者	シャ	シャ
に	ニ	ニ
なれる	ナレル	ナレル
。	。	。
EOS
インターネット	インターネット	インターネット
の	ノ	ノ
世界	セカイ	セカイ
に	ニ	ニ
おい	オイ	オイ
て	テ	テ
、	、	、
私	ワタクシ	ワタクシ
たち	タチ	タチ
は	ハ	ワ
ただ	タダ	タダ
利用	リヨウ	リヨー
者	シャ	シャ
で	デ	デ
ある	アル	アル
だけ	ダケ	ダケ
で	デ	デ
は	ハ	ワ
なく	ナク	ナク
、	、	、
表現	ヒョウゲン	ヒョーゲン
者	シャ	シャ
で	デ	デ
あり	アリ	アリ
、	、	、
創造	ソウゾウ	ソーゾー
者	シャ	シャ
、	、	、
クリエイター	クリエイター	クリエーター
で	デ	デ
も	モ	モ
ある	アル	アル
ん	ン	ン
です	デス	デス
ね	ネ	ネ
。	。	。
EOS
さあ	サア	サー
、	、	、
今月	コンゲツ	コンゲツ
この	コノ	コノ
360	スリーシックスティー	スリーシックスティー
Forum	フォーラム	フォーラム
も	モ	モ
フリー	フリー	フリー
カルチャー	カルチャー	カルチャー
宣言	センゲン	センゲン
です	デス	デス
。	。	。
EOS
この	コノ	コノ
フォーラム	フォーラム	フォーラム
の	ノ	ノ
2	ニ	ニ
0	ゼロ	ゼロ
分	プン	プン
前後	ゼンゴ	ゼンゴ
、	、	、
まるまる	マルマル	マルマル
フリー	フリー	フリー
カルチャー	カルチャー	カルチャー
を	ヲ	オ
実践	ジッセン	ジッセン
です	デス	デス
。	。	。
EOS
今月	コンゲツ	コンゲツ
この	コノ	コノ
360	スリーシックスティー	スリーシックスティー
Forum	フォーラム	フォーラム
で	デ	デ
かける	カケル	カケル
音楽	オンガク	オンガク
、	、	、
BGM	ビージーエム	ビージーエム
は	ハ	ワ
、	、	、
全て	スベテ	スベテ
、	、	、
今日	キョウ	キョー
も	モ	モ
そう	ソウ	ソー
です	デス	デス
。	。	。
EOS
クリエイティブ	クリエイティブ	クリエーティブ
・	・	・
コモンズ	コモンズ	コモンズ
・	・	・
ライセンス	ライセンス	ライセンス
で	デ	デ
公開	コウカイ	コーカイ
さ	サ	サ
れ	レ	レ
て	テ	テ
いる	イル	イル
もの	モノ	モノ
ばかり	バカリ	バカリ
です	デス	デス
。	。	。
EOS
360	スリーシックスティー	スリーシックスティー
Forum	フォーラム	フォーラム
、	、	、
全て	スベテ	スベテ
クリエイティブ	クリエイティブ	クリエーティブ
・	・	・
コモンズ	コモンズ	コモンズ
・	・	・
ライセンス	ライセンス	ライセンス
で	デ	デ
公開	コウカイ	コーカイ
し	シ	シ
ます	マス	マス
。	。	。
EOS
皆	ミナ	ミナ
さん	サン	サン
自由	ジユウ	ジユー
に	ニ	ニ
使っ	ツカッ	ツカッ
て	テ	テ
ください	クダサイ	クダサイ
。	。	。
EOS
マッシュ	マッシュ	マッシュ
アップ	アップ	アップ
や	ヤ	ヤ
リミックス	リミックス	リミックス
、	、	、
DJ	ディージェー	ディージェー
ミックス	ミックス	ミックス
も	モ	モ
ウェルカム	ウェルカム	ウェルカム
です	デス	デス
。	。	。
EOS
使用	シヨウ	シヨー
の	ノ	ノ
条件	ジョウケン	ジョーケン
は	ハ	ワ
必ず	カナラズ	カナラズ
J	ジェー	ジェー
-		
WAVE	ウエーブ	ウエーブ
360	スリーシックスティー	スリーシックスティー
の	ノ	ノ
ウェブサイト	ウェブサイト	ウェブサイト
で	デ	デ
確認	カクニン	カクニン
し	シ	シ
て	テ	テ
ください	クダサイ	クダサイ
。	。	。
EOS
360	スリーシックスティー	スリーシックスティー
フォーラム	フォーラム	フォーラム
今月	コンゲツ	コンゲツ
は	ハ	ワ
フリー	フリー	フリー
カルチャー	カルチャー	カルチャー
を	ヲ	オ
Seek	シーク	シーク
and	アンド	アンド
Find	ファインド	ファインド
。	。	。
EOS
